Run_Number,Indentor X Position,Indentor Y Position,Stiffener Rib Angle,Stiffener Rib Height,Stiffener Rib Position,Stiffener Rib Width
1,-101.2265277,154.1480074,115.0,16.25,350.0,18.75
2,153.7734723,-60.85199264,115.0,16.25,350.0,18.75
3,26.27347227,46.64800736,115.0,16.25,350.0,18.75
4,376.8984723,-248.9769926,115.0,16.25,350.0,18.75
5,313.1484723,19.77300736,115.0,16.25,350.0,18.75
6,360.9609723,-101.1644926,115.0,16.25,350.0,18.75
7,297.2109723,60.08550736,115.0,16.25,350.0,18.75
8,18.30472227,-242.2582426,115.0,16.25,350.0,18.75
9,400.8047223,-134.7582426,115.0,16.25,350.0,18.75
10,337.0547223,133.9917574,115.0,16.25,350.0,18.75
11,2.367222272,-13.82074264,115.0,16.25,350.0,18.75
12,-29.50777773,-94.44574264,115.0,16.25,350.0,18.75
13,225.4922223,120.5542574,115.0,16.25,350.0,18.75
14,293.2265973,-212.0238676,115.0,16.25,350.0,18.75
15,356.9765973,-50.77386764,115.0,16.25,350.0,18.75
16,325.1015973,83.60113236,115.0,16.25,350.0,18.75
17,-41.46090273,-225.4613676,115.0,16.25,350.0,18.75
18,404.7890973,150.7886324,115.0,16.25,350.0,18.75
19,-9.585902728,-144.8363676,115.0,16.25,350.0,18.75
20,245.4140973,70.16363236,115.0,16.25,350.0,18.75
21,117.9140973,-37.33636764,115.0,16.25,350.0,18.75
22,54.16409727,-198.5863676,115.0,16.25,350.0,18.75
23,173.6953473,-3.742617645,115.0,16.25,350.0,18.75
24,237.4453473,-272.4926176,115.0,16.25,350.0,18.75
25,269.3203473,130.6323824,115.0,16.25,350.0,18.75
26,396.8203473,-191.8676176,115.0,16.25,350.0,18.75
27,-1.617152728,144.0698824,115.0,16.25,350.0,18.75
28,94.00784727,63.44488236,115.0,16.25,350.0,18.75
29,-97.24215273,9.694882355,115.0,16.25,350.0,18.75
30,159.7500348,81.92144486,115.0,16.25,350.0,18.75
31,32.25003477,-25.57855514,115.0,16.25,350.0,18.75
32,64.12503477,-106.2035551,115.0,16.25,350.0,18.75
33,191.6250348,-213.7035551,115.0,16.25,350.0,18.75
34,-63.37496523,1.296444855,115.0,16.25,350.0,18.75
35,143.8125348,-146.5160551,115.0,16.25,350.0,18.75
36,398.8125348,68.48394486,115.0,16.25,350.0,18.75
37,-79.31246523,95.35894486,115.0,16.25,350.0,18.75
38,247.4062848,-193.5473051,115.0,16.25,350.0,18.75
39,406.7812848,-274.1723051,115.0,16.25,350.0,18.75
40,88.03128477,-220.4223051,115.0,16.25,350.0,18.75
41,215.5312848,-112.9223051,115.0,16.25,350.0,18.75
42,-39.46871523,102.0776949,115.0,16.25,350.0,18.75
43,72.09378477,8.015194855,115.0,16.25,350.0,18.75
44,135.8437848,-260.7348051,115.0,16.25,350.0,18.75
45,231.4687848,34.89019486,115.0,16.25,350.0,18.75
46,103.9687848,142.3901949,115.0,16.25,350.0,18.75
47,-91.26559023,-190.1879301,115.0,16.25,350.0,18.75
48,291.2344098,-82.68793014,115.0,16.25,350.0,18.75
49,327.8408551,-152.6049223,115.0,16.25,350.0,18.75
50,-90.51851992,-135.8080473,115.0,16.25,350.0,18.75
51,-101.2265277,154.1480074,101.5625,11.328125,353.125,37.890625
52,153.7734723,-60.85199264,101.5625,11.328125,353.125,37.890625
53,26.27347227,46.64800736,101.5625,11.328125,353.125,37.890625
54,376.8984723,-248.9769926,101.5625,11.328125,353.125,37.890625
55,313.1484723,19.77300736,101.5625,11.328125,353.125,37.890625
56,360.9609723,-101.1644926,101.5625,11.328125,353.125,37.890625
57,297.2109723,60.08550736,101.5625,11.328125,353.125,37.890625
58,18.30472227,-242.2582426,101.5625,11.328125,353.125,37.890625
59,400.8047223,-134.7582426,101.5625,11.328125,353.125,37.890625
60,337.0547223,133.9917574,101.5625,11.328125,353.125,37.890625
61,2.367222272,-13.82074264,101.5625,11.328125,353.125,37.890625
62,-29.50777773,-94.44574264,101.5625,11.328125,353.125,37.890625
63,225.4922223,120.5542574,101.5625,11.328125,353.125,37.890625
64,293.2265973,-212.0238676,101.5625,11.328125,353.125,37.890625
65,356.9765973,-50.77386764,101.5625,11.328125,353.125,37.890625
66,325.1015973,83.60113236,101.5625,11.328125,353.125,37.890625
67,-41.46090273,-225.4613676,101.5625,11.328125,353.125,37.890625
68,404.7890973,150.7886324,101.5625,11.328125,353.125,37.890625
69,-9.585902728,-144.8363676,101.5625,11.328125,353.125,37.890625
70,245.4140973,70.16363236,101.5625,11.328125,353.125,37.890625
71,117.9140973,-37.33636764,101.5625,11.328125,353.125,37.890625
72,54.16409727,-198.5863676,101.5625,11.328125,353.125,37.890625
73,173.6953473,-3.742617645,101.5625,11.328125,353.125,37.890625
74,237.4453473,-272.4926176,101.5625,11.328125,353.125,37.890625
75,269.3203473,130.6323824,101.5625,11.328125,353.125,37.890625
76,396.8203473,-191.8676176,101.5625,11.328125,353.125,37.890625
77,-1.617152728,144.0698824,101.5625,11.328125,353.125,37.890625
78,94.00784727,63.44488236,101.5625,11.328125,353.125,37.890625
79,-97.24215273,9.694882355,101.5625,11.328125,353.125,37.890625
80,159.7500348,81.92144486,101.5625,11.328125,353.125,37.890625
81,32.25003477,-25.57855514,101.5625,11.328125,353.125,37.890625
82,64.12503477,-106.2035551,101.5625,11.328125,353.125,37.890625
83,191.6250348,-213.7035551,101.5625,11.328125,353.125,37.890625
84,-63.37496523,1.296444855,101.5625,11.328125,353.125,37.890625
85,143.8125348,-146.5160551,101.5625,11.328125,353.125,37.890625
86,398.8125348,68.48394486,101.5625,11.328125,353.125,37.890625
87,-79.31246523,95.35894486,101.5625,11.328125,353.125,37.890625
88,247.4062848,-193.5473051,101.5625,11.328125,353.125,37.890625
89,406.7812848,-274.1723051,101.5625,11.328125,353.125,37.890625
90,88.03128477,-220.4223051,101.5625,11.328125,353.125,37.890625
91,215.5312848,-112.9223051,101.5625,11.328125,353.125,37.890625
92,-39.46871523,102.0776949,101.5625,11.328125,353.125,37.890625
93,72.09378477,8.015194855,101.5625,11.328125,353.125,37.890625
94,135.8437848,-260.7348051,101.5625,11.328125,353.125,37.890625
95,231.4687848,34.89019486,101.5625,11.328125,353.125,37.890625
96,103.9687848,142.3901949,101.5625,11.328125,353.125,37.890625
97,-91.26559023,-190.1879301,101.5625,11.328125,353.125,37.890625
98,291.2344098,-82.68793014,101.5625,11.328125,353.125,37.890625
99,327.8408551,-152.6049223,101.5625,11.328125,353.125,37.890625
100,-90.51851992,-135.8080473,101.5625,11.328125,353.125,37.890625
101,-101.2265277,154.1480074,102.8125,17.890625,415.625,40.078125
102,153.7734723,-60.85199264,102.8125,17.890625,415.625,40.078125
103,26.27347227,46.64800736,102.8125,17.890625,415.625,40.078125
104,376.8984723,-248.9769926,102.8125,17.890625,415.625,40.078125
105,313.1484723,19.77300736,102.8125,17.890625,415.625,40.078125
106,360.9609723,-101.1644926,102.8125,17.890625,415.625,40.078125
107,297.2109723,60.08550736,102.8125,17.890625,415.625,40.078125
108,18.30472227,-242.2582426,102.8125,17.890625,415.625,40.078125
109,400.8047223,-134.7582426,102.8125,17.890625,415.625,40.078125
110,337.0547223,133.9917574,102.8125,17.890625,415.625,40.078125
111,2.367222272,-13.82074264,102.8125,17.890625,415.625,40.078125
112,-29.50777773,-94.44574264,102.8125,17.890625,415.625,40.078125
113,225.4922223,120.5542574,102.8125,17.890625,415.625,40.078125
114,293.2265973,-212.0238676,102.8125,17.890625,415.625,40.078125
115,356.9765973,-50.77386764,102.8125,17.890625,415.625,40.078125
116,325.1015973,83.60113236,102.8125,17.890625,415.625,40.078125
117,-41.46090273,-225.4613676,102.8125,17.890625,415.625,40.078125
118,404.7890973,150.7886324,102.8125,17.890625,415.625,40.078125
119,-9.585902728,-144.8363676,102.8125,17.890625,415.625,40.078125
120,245.4140973,70.16363236,102.8125,17.890625,415.625,40.078125
121,117.9140973,-37.33636764,102.8125,17.890625,415.625,40.078125
122,54.16409727,-198.5863676,102.8125,17.890625,415.625,40.078125
123,173.6953473,-3.742617645,102.8125,17.890625,415.625,40.078125
124,237.4453473,-272.4926176,102.8125,17.890625,415.625,40.078125
125,269.3203473,130.6323824,102.8125,17.890625,415.625,40.078125
126,396.8203473,-191.8676176,102.8125,17.890625,415.625,40.078125
127,-1.617152728,144.0698824,102.8125,17.890625,415.625,40.078125
128,94.00784727,63.44488236,102.8125,17.890625,415.625,40.078125
129,-97.24215273,9.694882355,102.8125,17.890625,415.625,40.078125
130,159.7500348,81.92144486,102.8125,17.890625,415.625,40.078125
131,32.25003477,-25.57855514,102.8125,17.890625,415.625,40.078125
132,64.12503477,-106.2035551,102.8125,17.890625,415.625,40.078125
133,191.6250348,-213.7035551,102.8125,17.890625,415.625,40.078125
134,-63.37496523,1.296444855,102.8125,17.890625,415.625,40.078125
135,143.8125348,-146.5160551,102.8125,17.890625,415.625,40.078125
136,398.8125348,68.48394486,102.8125,17.890625,415.625,40.078125
137,-79.31246523,95.35894486,102.8125,17.890625,415.625,40.078125
138,247.4062848,-193.5473051,102.8125,17.890625,415.625,40.078125
139,406.7812848,-274.1723051,102.8125,17.890625,415.625,40.078125
140,88.03128477,-220.4223051,102.8125,17.890625,415.625,40.078125
141,215.5312848,-112.9223051,102.8125,17.890625,415.625,40.078125
142,-39.46871523,102.0776949,102.8125,17.890625,415.625,40.078125
143,72.09378477,8.015194855,102.8125,17.890625,415.625,40.078125
144,135.8437848,-260.7348051,102.8125,17.890625,415.625,40.078125
145,231.4687848,34.89019486,102.8125,17.890625,415.625,40.078125
146,103.9687848,142.3901949,102.8125,17.890625,415.625,40.078125
147,-91.26559023,-190.1879301,102.8125,17.890625,415.625,40.078125
148,291.2344098,-82.68793014,102.8125,17.890625,415.625,40.078125
149,327.8408551,-152.6049223,102.8125,17.890625,415.625,40.078125
150,-90.51851992,-135.8080473,102.8125,17.890625,415.625,40.078125
151,-101.2265277,154.1480074,118.4375,8.984375,409.375,34.609375
152,153.7734723,-60.85199264,118.4375,8.984375,409.375,34.609375
153,26.27347227,46.64800736,118.4375,8.984375,409.375,34.609375
154,376.8984723,-248.9769926,118.4375,8.984375,409.375,34.609375
155,313.1484723,19.77300736,118.4375,8.984375,409.375,34.609375
156,360.9609723,-101.1644926,118.4375,8.984375,409.375,34.609375
157,297.2109723,60.08550736,118.4375,8.984375,409.375,34.609375
158,18.30472227,-242.2582426,118.4375,8.984375,409.375,34.609375
159,400.8047223,-134.7582426,118.4375,8.984375,409.375,34.609375
160,337.0547223,133.9917574,118.4375,8.984375,409.375,34.609375
161,2.367222272,-13.82074264,118.4375,8.984375,409.375,34.609375
162,-29.50777773,-94.44574264,118.4375,8.984375,409.375,34.609375
163,225.4922223,120.5542574,118.4375,8.984375,409.375,34.609375
164,293.2265973,-212.0238676,118.4375,8.984375,409.375,34.609375
165,356.9765973,-50.77386764,118.4375,8.984375,409.375,34.609375
166,325.1015973,83.60113236,118.4375,8.984375,409.375,34.609375
167,-41.46090273,-225.4613676,118.4375,8.984375,409.375,34.609375
168,404.7890973,150.7886324,118.4375,8.984375,409.375,34.609375
169,-9.585902728,-144.8363676,118.4375,8.984375,409.375,34.609375
170,245.4140973,70.16363236,118.4375,8.984375,409.375,34.609375
171,117.9140973,-37.33636764,118.4375,8.984375,409.375,34.609375
172,54.16409727,-198.5863676,118.4375,8.984375,409.375,34.609375
173,173.6953473,-3.742617645,118.4375,8.984375,409.375,34.609375
174,237.4453473,-272.4926176,118.4375,8.984375,409.375,34.609375
175,269.3203473,130.6323824,118.4375,8.984375,409.375,34.609375
176,396.8203473,-191.8676176,118.4375,8.984375,409.375,34.609375
177,-1.617152728,144.0698824,118.4375,8.984375,409.375,34.609375
178,94.00784727,63.44488236,118.4375,8.984375,409.375,34.609375
179,-97.24215273,9.694882355,118.4375,8.984375,409.375,34.609375
180,159.7500348,81.92144486,118.4375,8.984375,409.375,34.609375
181,32.25003477,-25.57855514,118.4375,8.984375,409.375,34.609375
182,64.12503477,-106.2035551,118.4375,8.984375,409.375,34.609375
183,191.6250348,-213.7035551,118.4375,8.984375,409.375,34.609375
184,-63.37496523,1.296444855,118.4375,8.984375,409.375,34.609375
185,143.8125348,-146.5160551,118.4375,8.984375,409.375,34.609375
186,398.8125348,68.48394486,118.4375,8.984375,409.375,34.609375
187,-79.31246523,95.35894486,118.4375,8.984375,409.375,34.609375
188,247.4062848,-193.5473051,118.4375,8.984375,409.375,34.609375
189,406.7812848,-274.1723051,118.4375,8.984375,409.375,34.609375
190,88.03128477,-220.4223051,118.4375,8.984375,409.375,34.609375
191,215.5312848,-112.9223051,118.4375,8.984375,409.375,34.609375
192,-39.46871523,102.0776949,118.4375,8.984375,409.375,34.609375
193,72.09378477,8.015194855,118.4375,8.984375,409.375,34.609375
194,135.8437848,-260.7348051,118.4375,8.984375,409.375,34.609375
195,231.4687848,34.89019486,118.4375,8.984375,409.375,34.609375
196,103.9687848,142.3901949,118.4375,8.984375,409.375,34.609375
197,-91.26559023,-190.1879301,118.4375,8.984375,409.375,34.609375
198,291.2344098,-82.68793014,118.4375,8.984375,409.375,34.609375
199,327.8408551,-152.6049223,118.4375,8.984375,409.375,34.609375
200,-90.51851992,-135.8080473,118.4375,8.984375,409.375,34.609375
201,-101.2265277,154.1480074,112.1875,15.546875,421.875,23.671875
202,153.7734723,-60.85199264,112.1875,15.546875,421.875,23.671875
203,26.27347227,46.64800736,112.1875,15.546875,421.875,23.671875
204,376.8984723,-248.9769926,112.1875,15.546875,421.875,23.671875
205,313.1484723,19.77300736,112.1875,15.546875,421.875,23.671875
206,360.9609723,-101.1644926,112.1875,15.546875,421.875,23.671875
207,297.2109723,60.08550736,112.1875,15.546875,421.875,23.671875
208,18.30472227,-242.2582426,112.1875,15.546875,421.875,23.671875
209,400.8047223,-134.7582426,112.1875,15.546875,421.875,23.671875
210,337.0547223,133.9917574,112.1875,15.546875,421.875,23.671875
211,2.367222272,-13.82074264,112.1875,15.546875,421.875,23.671875
212,-29.50777773,-94.44574264,112.1875,15.546875,421.875,23.671875
213,225.4922223,120.5542574,112.1875,15.546875,421.875,23.671875
214,293.2265973,-212.0238676,112.1875,15.546875,421.875,23.671875
215,356.9765973,-50.77386764,112.1875,15.546875,421.875,23.671875
216,325.1015973,83.60113236,112.1875,15.546875,421.875,23.671875
217,-41.46090273,-225.4613676,112.1875,15.546875,421.875,23.671875
218,404.7890973,150.7886324,112.1875,15.546875,421.875,23.671875
219,-9.585902728,-144.8363676,112.1875,15.546875,421.875,23.671875
220,245.4140973,70.16363236,112.1875,15.546875,421.875,23.671875
221,117.9140973,-37.33636764,112.1875,15.546875,421.875,23.671875
222,54.16409727,-198.5863676,112.1875,15.546875,421.875,23.671875
223,173.6953473,-3.742617645,112.1875,15.546875,421.875,23.671875
224,237.4453473,-272.4926176,112.1875,15.546875,421.875,23.671875
225,269.3203473,130.6323824,112.1875,15.546875,421.875,23.671875
226,396.8203473,-191.8676176,112.1875,15.546875,421.875,23.671875
227,-1.617152728,144.0698824,112.1875,15.546875,421.875,23.671875
228,94.00784727,63.44488236,112.1875,15.546875,421.875,23.671875
229,-97.24215273,9.694882355,112.1875,15.546875,421.875,23.671875
230,159.7500348,81.92144486,112.1875,15.546875,421.875,23.671875
231,32.25003477,-25.57855514,112.1875,15.546875,421.875,23.671875
232,64.12503477,-106.2035551,112.1875,15.546875,421.875,23.671875
233,191.6250348,-213.7035551,112.1875,15.546875,421.875,23.671875
234,-63.37496523,1.296444855,112.1875,15.546875,421.875,23.671875
235,143.8125348,-146.5160551,112.1875,15.546875,421.875,23.671875
236,398.8125348,68.48394486,112.1875,15.546875,421.875,23.671875
237,-79.31246523,95.35894486,112.1875,15.546875,421.875,23.671875
238,247.4062848,-193.5473051,112.1875,15.546875,421.875,23.671875
239,406.7812848,-274.1723051,112.1875,15.546875,421.875,23.671875
240,88.03128477,-220.4223051,112.1875,15.546875,421.875,23.671875
241,215.5312848,-112.9223051,112.1875,15.546875,421.875,23.671875
242,-39.46871523,102.0776949,112.1875,15.546875,421.875,23.671875
243,72.09378477,8.015194855,112.1875,15.546875,421.875,23.671875
244,135.8437848,-260.7348051,112.1875,15.546875,421.875,23.671875
245,231.4687848,34.89019486,112.1875,15.546875,421.875,23.671875
246,103.9687848,142.3901949,112.1875,15.546875,421.875,23.671875
247,-91.26559023,-190.1879301,112.1875,15.546875,421.875,23.671875
248,291.2344098,-82.68793014,112.1875,15.546875,421.875,23.671875
249,327.8408551,-152.6049223,112.1875,15.546875,421.875,23.671875
250,-90.51851992,-135.8080473,112.1875,15.546875,421.875,23.671875
251,-101.2265277,154.1480074,108.90625,8.1640625,454.6875,21.2109375
252,153.7734723,-60.85199264,108.90625,8.1640625,454.6875,21.2109375
253,26.27347227,46.64800736,108.90625,8.1640625,454.6875,21.2109375
254,376.8984723,-248.9769926,108.90625,8.1640625,454.6875,21.2109375
255,313.1484723,19.77300736,108.90625,8.1640625,454.6875,21.2109375
256,360.9609723,-101.1644926,108.90625,8.1640625,454.6875,21.2109375
257,297.2109723,60.08550736,108.90625,8.1640625,454.6875,21.2109375
258,18.30472227,-242.2582426,108.90625,8.1640625,454.6875,21.2109375
259,400.8047223,-134.7582426,108.90625,8.1640625,454.6875,21.2109375
260,337.0547223,133.9917574,108.90625,8.1640625,454.6875,21.2109375
261,2.367222272,-13.82074264,108.90625,8.1640625,454.6875,21.2109375
262,-29.50777773,-94.44574264,108.90625,8.1640625,454.6875,21.2109375
263,225.4922223,120.5542574,108.90625,8.1640625,454.6875,21.2109375
264,293.2265973,-212.0238676,108.90625,8.1640625,454.6875,21.2109375
265,356.9765973,-50.77386764,108.90625,8.1640625,454.6875,21.2109375
266,325.1015973,83.60113236,108.90625,8.1640625,454.6875,21.2109375
267,-41.46090273,-225.4613676,108.90625,8.1640625,454.6875,21.2109375
268,404.7890973,150.7886324,108.90625,8.1640625,454.6875,21.2109375
269,-9.585902728,-144.8363676,108.90625,8.1640625,454.6875,21.2109375
270,245.4140973,70.16363236,108.90625,8.1640625,454.6875,21.2109375
271,117.9140973,-37.33636764,108.90625,8.1640625,454.6875,21.2109375
272,54.16409727,-198.5863676,108.90625,8.1640625,454.6875,21.2109375
273,173.6953473,-3.742617645,108.90625,8.1640625,454.6875,21.2109375
274,237.4453473,-272.4926176,108.90625,8.1640625,454.6875,21.2109375
275,269.3203473,130.6323824,108.90625,8.1640625,454.6875,21.2109375
276,396.8203473,-191.8676176,108.90625,8.1640625,454.6875,21.2109375
277,-1.617152728,144.0698824,108.90625,8.1640625,454.6875,21.2109375
278,94.00784727,63.44488236,108.90625,8.1640625,454.6875,21.2109375
279,-97.24215273,9.694882355,108.90625,8.1640625,454.6875,21.2109375
280,159.7500348,81.92144486,108.90625,8.1640625,454.6875,21.2109375
281,32.25003477,-25.57855514,108.90625,8.1640625,454.6875,21.2109375
282,64.12503477,-106.2035551,108.90625,8.1640625,454.6875,21.2109375
283,191.6250348,-213.7035551,108.90625,8.1640625,454.6875,21.2109375
284,-63.37496523,1.296444855,108.90625,8.1640625,454.6875,21.2109375
285,143.8125348,-146.5160551,108.90625,8.1640625,454.6875,21.2109375
286,398.8125348,68.48394486,108.90625,8.1640625,454.6875,21.2109375
287,-79.31246523,95.35894486,108.90625,8.1640625,454.6875,21.2109375
288,247.4062848,-193.5473051,108.90625,8.1640625,454.6875,21.2109375
289,406.7812848,-274.1723051,108.90625,8.1640625,454.6875,21.2109375
290,88.03128477,-220.4223051,108.90625,8.1640625,454.6875,21.2109375
291,215.5312848,-112.9223051,108.90625,8.1640625,454.6875,21.2109375
292,-39.46871523,102.0776949,108.90625,8.1640625,454.6875,21.2109375
293,72.09378477,8.015194855,108.90625,8.1640625,454.6875,21.2109375
294,135.8437848,-260.7348051,108.90625,8.1640625,454.6875,21.2109375
295,231.4687848,34.89019486,108.90625,8.1640625,454.6875,21.2109375
296,103.9687848,142.3901949,108.90625,8.1640625,454.6875,21.2109375
297,-91.26559023,-190.1879301,108.90625,8.1640625,454.6875,21.2109375
298,291.2344098,-82.68793014,108.90625,8.1640625,454.6875,21.2109375
299,327.8408551,-152.6049223,108.90625,8.1640625,454.6875,21.2109375
300,-90.51851992,-135.8080473,108.90625,8.1640625,454.6875,21.2109375
301,-101.2265277,154.1480074,116.71875,11.2109375,464.0625,11.9140625
302,153.7734723,-60.85199264,116.71875,11.2109375,464.0625,11.9140625
303,26.27347227,46.64800736,116.71875,11.2109375,464.0625,11.9140625
304,376.8984723,-248.9769926,116.71875,11.2109375,464.0625,11.9140625
305,313.1484723,19.77300736,116.71875,11.2109375,464.0625,11.9140625
306,360.9609723,-101.1644926,116.71875,11.2109375,464.0625,11.9140625
307,297.2109723,60.08550736,116.71875,11.2109375,464.0625,11.9140625
308,18.30472227,-242.2582426,116.71875,11.2109375,464.0625,11.9140625
309,400.8047223,-134.7582426,116.71875,11.2109375,464.0625,11.9140625
310,337.0547223,133.9917574,116.71875,11.2109375,464.0625,11.9140625
311,2.367222272,-13.82074264,116.71875,11.2109375,464.0625,11.9140625
312,-29.50777773,-94.44574264,116.71875,11.2109375,464.0625,11.9140625
313,225.4922223,120.5542574,116.71875,11.2109375,464.0625,11.9140625
314,293.2265973,-212.0238676,116.71875,11.2109375,464.0625,11.9140625
315,356.9765973,-50.77386764,116.71875,11.2109375,464.0625,11.9140625
316,325.1015973,83.60113236,116.71875,11.2109375,464.0625,11.9140625
317,-41.46090273,-225.4613676,116.71875,11.2109375,464.0625,11.9140625
318,404.7890973,150.7886324,116.71875,11.2109375,464.0625,11.9140625
319,-9.585902728,-144.8363676,116.71875,11.2109375,464.0625,11.9140625
320,245.4140973,70.16363236,116.71875,11.2109375,464.0625,11.9140625
321,117.9140973,-37.33636764,116.71875,11.2109375,464.0625,11.9140625
322,54.16409727,-198.5863676,116.71875,11.2109375,464.0625,11.9140625
323,173.6953473,-3.742617645,116.71875,11.2109375,464.0625,11.9140625
324,237.4453473,-272.4926176,116.71875,11.2109375,464.0625,11.9140625
325,269.3203473,130.6323824,116.71875,11.2109375,464.0625,11.9140625
326,396.8203473,-191.8676176,116.71875,11.2109375,464.0625,11.9140625
327,-1.617152728,144.0698824,116.71875,11.2109375,464.0625,11.9140625
328,94.00784727,63.44488236,116.71875,11.2109375,464.0625,11.9140625
329,-97.24215273,9.694882355,116.71875,11.2109375,464.0625,11.9140625
330,159.7500348,81.92144486,116.71875,11.2109375,464.0625,11.9140625
331,32.25003477,-25.57855514,116.71875,11.2109375,464.0625,11.9140625
332,64.12503477,-106.2035551,116.71875,11.2109375,464.0625,11.9140625
333,191.6250348,-213.7035551,116.71875,11.2109375,464.0625,11.9140625
334,-63.37496523,1.296444855,116.71875,11.2109375,464.0625,11.9140625
335,143.8125348,-146.5160551,116.71875,11.2109375,464.0625,11.9140625
336,398.8125348,68.48394486,116.71875,11.2109375,464.0625,11.9140625
337,-79.31246523,95.35894486,116.71875,11.2109375,464.0625,11.9140625
338,247.4062848,-193.5473051,116.71875,11.2109375,464.0625,11.9140625
339,406.7812848,-274.1723051,116.71875,11.2109375,464.0625,11.9140625
340,88.03128477,-220.4223051,116.71875,11.2109375,464.0625,11.9140625
341,215.5312848,-112.9223051,116.71875,11.2109375,464.0625,11.9140625
342,-39.46871523,102.0776949,116.71875,11.2109375,464.0625,11.9140625
343,72.09378477,8.015194855,116.71875,11.2109375,464.0625,11.9140625
344,135.8437848,-260.7348051,116.71875,11.2109375,464.0625,11.9140625
345,231.4687848,34.89019486,116.71875,11.2109375,464.0625,11.9140625
346,103.9687848,142.3901949,116.71875,11.2109375,464.0625,11.9140625
347,-91.26559023,-190.1879301,116.71875,11.2109375,464.0625,11.9140625
348,291.2344098,-82.68793014,116.71875,11.2109375,464.0625,11.9140625
349,327.8408551,-152.6049223,116.71875,11.2109375,464.0625,11.9140625
350,-90.51851992,-135.8080473,116.71875,11.2109375,464.0625,11.9140625
351,-101.2265277,154.1480074,113.671875,7.63671875,339.84375,16.69921875
352,153.7734723,-60.85199264,113.671875,7.63671875,339.84375,16.69921875
353,26.27347227,46.64800736,113.671875,7.63671875,339.84375,16.69921875
354,376.8984723,-248.9769926,113.671875,7.63671875,339.84375,16.69921875
355,313.1484723,19.77300736,113.671875,7.63671875,339.84375,16.69921875
356,360.9609723,-101.1644926,113.671875,7.63671875,339.84375,16.69921875
357,297.2109723,60.08550736,113.671875,7.63671875,339.84375,16.69921875
358,18.30472227,-242.2582426,113.671875,7.63671875,339.84375,16.69921875
359,400.8047223,-134.7582426,113.671875,7.63671875,339.84375,16.69921875
360,337.0547223,133.9917574,113.671875,7.63671875,339.84375,16.69921875
361,2.367222272,-13.82074264,113.671875,7.63671875,339.84375,16.69921875
362,-29.50777773,-94.44574264,113.671875,7.63671875,339.84375,16.69921875
363,225.4922223,120.5542574,113.671875,7.63671875,339.84375,16.69921875
364,293.2265973,-212.0238676,113.671875,7.63671875,339.84375,16.69921875
365,356.9765973,-50.77386764,113.671875,7.63671875,339.84375,16.69921875
366,325.1015973,83.60113236,113.671875,7.63671875,339.84375,16.69921875
367,-41.46090273,-225.4613676,113.671875,7.63671875,339.84375,16.69921875
368,404.7890973,150.7886324,113.671875,7.63671875,339.84375,16.69921875
369,-9.585902728,-144.8363676,113.671875,7.63671875,339.84375,16.69921875
370,245.4140973,70.16363236,113.671875,7.63671875,339.84375,16.69921875
371,117.9140973,-37.33636764,113.671875,7.63671875,339.84375,16.69921875
372,54.16409727,-198.5863676,113.671875,7.63671875,339.84375,16.69921875
373,173.6953473,-3.742617645,113.671875,7.63671875,339.84375,16.69921875
374,237.4453473,-272.4926176,113.671875,7.63671875,339.84375,16.69921875
375,269.3203473,130.6323824,113.671875,7.63671875,339.84375,16.69921875
376,396.8203473,-191.8676176,113.671875,7.63671875,339.84375,16.69921875
377,-1.617152728,144.0698824,113.671875,7.63671875,339.84375,16.69921875
378,94.00784727,63.44488236,113.671875,7.63671875,339.84375,16.69921875
379,-97.24215273,9.694882355,113.671875,7.63671875,339.84375,16.69921875
380,159.7500348,81.92144486,113.671875,7.63671875,339.84375,16.69921875
381,32.25003477,-25.57855514,113.671875,7.63671875,339.84375,16.69921875
382,64.12503477,-106.2035551,113.671875,7.63671875,339.84375,16.69921875
383,191.6250348,-213.7035551,113.671875,7.63671875,339.84375,16.69921875
384,-63.37496523,1.296444855,113.671875,7.63671875,339.84375,16.69921875
385,143.8125348,-146.5160551,113.671875,7.63671875,339.84375,16.69921875
386,398.8125348,68.48394486,113.671875,7.63671875,339.84375,16.69921875
387,-79.31246523,95.35894486,113.671875,7.63671875,339.84375,16.69921875
388,247.4062848,-193.5473051,113.671875,7.63671875,339.84375,16.69921875
389,406.7812848,-274.1723051,113.671875,7.63671875,339.84375,16.69921875
390,88.03128477,-220.4223051,113.671875,7.63671875,339.84375,16.69921875
391,215.5312848,-112.9223051,113.671875,7.63671875,339.84375,16.69921875
392,-39.46871523,102.0776949,113.671875,7.63671875,339.84375,16.69921875
393,72.09378477,8.015194855,113.671875,7.63671875,339.84375,16.69921875
394,135.8437848,-260.7348051,113.671875,7.63671875,339.84375,16.69921875
395,231.4687848,34.89019486,113.671875,7.63671875,339.84375,16.69921875
396,103.9687848,142.3901949,113.671875,7.63671875,339.84375,16.69921875
397,-91.26559023,-190.1879301,113.671875,7.63671875,339.84375,16.69921875
398,291.2344098,-82.68793014,113.671875,7.63671875,339.84375,16.69921875
399,327.8408551,-152.6049223,113.671875,7.63671875,339.84375,16.69921875
400,-90.51851992,-135.8080473,113.671875,7.63671875,339.84375,16.69921875
401,-101.2265277,154.1480074,104.1894531,14.93896484,354.3945313,14.52880859
402,153.7734723,-60.85199264,104.1894531,14.93896484,354.3945313,14.52880859
403,26.27347227,46.64800736,104.1894531,14.93896484,354.3945313,14.52880859
404,376.8984723,-248.9769926,104.1894531,14.93896484,354.3945313,14.52880859
405,313.1484723,19.77300736,104.1894531,14.93896484,354.3945313,14.52880859
406,360.9609723,-101.1644926,104.1894531,14.93896484,354.3945313,14.52880859
407,297.2109723,60.08550736,104.1894531,14.93896484,354.3945313,14.52880859
408,18.30472227,-242.2582426,104.1894531,14.93896484,354.3945313,14.52880859
409,400.8047223,-134.7582426,104.1894531,14.93896484,354.3945313,14.52880859
410,337.0547223,133.9917574,104.1894531,14.93896484,354.3945313,14.52880859
411,2.367222272,-13.82074264,104.1894531,14.93896484,354.3945313,14.52880859
412,-29.50777773,-94.44574264,104.1894531,14.93896484,354.3945313,14.52880859
413,225.4922223,120.5542574,104.1894531,14.93896484,354.3945313,14.52880859
414,293.2265973,-212.0238676,104.1894531,14.93896484,354.3945313,14.52880859
415,356.9765973,-50.77386764,104.1894531,14.93896484,354.3945313,14.52880859
416,325.1015973,83.60113236,104.1894531,14.93896484,354.3945313,14.52880859
417,-41.46090273,-225.4613676,104.1894531,14.93896484,354.3945313,14.52880859
418,404.7890973,150.7886324,104.1894531,14.93896484,354.3945313,14.52880859
419,-9.585902728,-144.8363676,104.1894531,14.93896484,354.3945313,14.52880859
420,245.4140973,70.16363236,104.1894531,14.93896484,354.3945313,14.52880859
421,117.9140973,-37.33636764,104.1894531,14.93896484,354.3945313,14.52880859
422,54.16409727,-198.5863676,104.1894531,14.93896484,354.3945313,14.52880859
423,173.6953473,-3.742617645,104.1894531,14.93896484,354.3945313,14.52880859
424,237.4453473,-272.4926176,104.1894531,14.93896484,354.3945313,14.52880859
425,269.3203473,130.6323824,104.1894531,14.93896484,354.3945313,14.52880859
426,396.8203473,-191.8676176,104.1894531,14.93896484,354.3945313,14.52880859
427,-1.617152728,144.0698824,104.1894531,14.93896484,354.3945313,14.52880859
428,94.00784727,63.44488236,104.1894531,14.93896484,354.3945313,14.52880859
429,-97.24215273,9.694882355,104.1894531,14.93896484,354.3945313,14.52880859
430,159.7500348,81.92144486,104.1894531,14.93896484,354.3945313,14.52880859
431,32.25003477,-25.57855514,104.1894531,14.93896484,354.3945313,14.52880859
432,64.12503477,-106.2035551,104.1894531,14.93896484,354.3945313,14.52880859
433,191.6250348,-213.7035551,104.1894531,14.93896484,354.3945313,14.52880859
434,-63.37496523,1.296444855,104.1894531,14.93896484,354.3945313,14.52880859
435,143.8125348,-146.5160551,104.1894531,14.93896484,354.3945313,14.52880859
436,398.8125348,68.48394486,104.1894531,14.93896484,354.3945313,14.52880859
437,-79.31246523,95.35894486,104.1894531,14.93896484,354.3945313,14.52880859
438,247.4062848,-193.5473051,104.1894531,14.93896484,354.3945313,14.52880859
439,406.7812848,-274.1723051,104.1894531,14.93896484,354.3945313,14.52880859
440,88.03128477,-220.4223051,104.1894531,14.93896484,354.3945313,14.52880859
441,215.5312848,-112.9223051,104.1894531,14.93896484,354.3945313,14.52880859
442,-39.46871523,102.0776949,104.1894531,14.93896484,354.3945313,14.52880859
443,72.09378477,8.015194855,104.1894531,14.93896484,354.3945313,14.52880859
444,135.8437848,-260.7348051,104.1894531,14.93896484,354.3945313,14.52880859
445,231.4687848,34.89019486,104.1894531,14.93896484,354.3945313,14.52880859
446,103.9687848,142.3901949,104.1894531,14.93896484,354.3945313,14.52880859
447,-91.26559023,-190.1879301,104.1894531,14.93896484,354.3945313,14.52880859
448,291.2344098,-82.68793014,104.1894531,14.93896484,354.3945313,14.52880859
449,327.8408551,-152.6049223,104.1894531,14.93896484,354.3945313,14.52880859
450,-90.51851992,-135.8080473,104.1894531,14.93896484,354.3945313,14.52880859
451,-101.2265277,154.1480074,117.9394531,15.87646484,341.8945313,38.59130859
452,153.7734723,-60.85199264,117.9394531,15.87646484,341.8945313,38.59130859
453,26.27347227,46.64800736,117.9394531,15.87646484,341.8945313,38.59130859
454,376.8984723,-248.9769926,117.9394531,15.87646484,341.8945313,38.59130859
455,313.1484723,19.77300736,117.9394531,15.87646484,341.8945313,38.59130859
456,360.9609723,-101.1644926,117.9394531,15.87646484,341.8945313,38.59130859
457,297.2109723,60.08550736,117.9394531,15.87646484,341.8945313,38.59130859
458,18.30472227,-242.2582426,117.9394531,15.87646484,341.8945313,38.59130859
459,400.8047223,-134.7582426,117.9394531,15.87646484,341.8945313,38.59130859
460,337.0547223,133.9917574,117.9394531,15.87646484,341.8945313,38.59130859
461,2.367222272,-13.82074264,117.9394531,15.87646484,341.8945313,38.59130859
462,-29.50777773,-94.44574264,117.9394531,15.87646484,341.8945313,38.59130859
463,225.4922223,120.5542574,117.9394531,15.87646484,341.8945313,38.59130859
464,293.2265973,-212.0238676,117.9394531,15.87646484,341.8945313,38.59130859
465,356.9765973,-50.77386764,117.9394531,15.87646484,341.8945313,38.59130859
466,325.1015973,83.60113236,117.9394531,15.87646484,341.8945313,38.59130859
467,-41.46090273,-225.4613676,117.9394531,15.87646484,341.8945313,38.59130859
468,404.7890973,150.7886324,117.9394531,15.87646484,341.8945313,38.59130859
469,-9.585902728,-144.8363676,117.9394531,15.87646484,341.8945313,38.59130859
470,245.4140973,70.16363236,117.9394531,15.87646484,341.8945313,38.59130859
471,117.9140973,-37.33636764,117.9394531,15.87646484,341.8945313,38.59130859
472,54.16409727,-198.5863676,117.9394531,15.87646484,341.8945313,38.59130859
473,173.6953473,-3.742617645,117.9394531,15.87646484,341.8945313,38.59130859
474,237.4453473,-272.4926176,117.9394531,15.87646484,341.8945313,38.59130859
475,269.3203473,130.6323824,117.9394531,15.87646484,341.8945313,38.59130859
476,396.8203473,-191.8676176,117.9394531,15.87646484,341.8945313,38.59130859
477,-1.617152728,144.0698824,117.9394531,15.87646484,341.8945313,38.59130859
478,94.00784727,63.44488236,117.9394531,15.87646484,341.8945313,38.59130859
479,-97.24215273,9.694882355,117.9394531,15.87646484,341.8945313,38.59130859
480,159.7500348,81.92144486,117.9394531,15.87646484,341.8945313,38.59130859
481,32.25003477,-25.57855514,117.9394531,15.87646484,341.8945313,38.59130859
482,64.12503477,-106.2035551,117.9394531,15.87646484,341.8945313,38.59130859
483,191.6250348,-213.7035551,117.9394531,15.87646484,341.8945313,38.59130859
484,-63.37496523,1.296444855,117.9394531,15.87646484,341.8945313,38.59130859
485,143.8125348,-146.5160551,117.9394531,15.87646484,341.8945313,38.59130859
486,398.8125348,68.48394486,117.9394531,15.87646484,341.8945313,38.59130859
487,-79.31246523,95.35894486,117.9394531,15.87646484,341.8945313,38.59130859
488,247.4062848,-193.5473051,117.9394531,15.87646484,341.8945313,38.59130859
489,406.7812848,-274.1723051,117.9394531,15.87646484,341.8945313,38.59130859
490,88.03128477,-220.4223051,117.9394531,15.87646484,341.8945313,38.59130859
491,215.5312848,-112.9223051,117.9394531,15.87646484,341.8945313,38.59130859
492,-39.46871523,102.0776949,117.9394531,15.87646484,341.8945313,38.59130859
493,72.09378477,8.015194855,117.9394531,15.87646484,341.8945313,38.59130859
494,135.8437848,-260.7348051,117.9394531,15.87646484,341.8945313,38.59130859
495,231.4687848,34.89019486,117.9394531,15.87646484,341.8945313,38.59130859
496,103.9687848,142.3901949,117.9394531,15.87646484,341.8945313,38.59130859
497,-91.26559023,-190.1879301,117.9394531,15.87646484,341.8945313,38.59130859
498,291.2344098,-82.68793014,117.9394531,15.87646484,341.8945313,38.59130859
499,327.8408551,-152.6049223,117.9394531,15.87646484,341.8945313,38.59130859
500,-90.51851992,-135.8080473,117.9394531,15.87646484,341.8945313,38.59130859
501,-101.2265277,154.1480074,113.75,7.8125,362.5,29.6875
502,2.367222272,-13.82074264,113.75,7.8125,362.5,29.6875
503,117.9140973,-37.33636764,113.75,7.8125,362.5,29.6875
504,32.25003477,-25.57855514,113.75,7.8125,362.5,29.6875
505,215.5312848,-112.9223051,113.75,7.8125,362.5,29.6875
506,-101.2265277,154.1480074,113.75,7.8125,362.5,29.6875
507,2.367222272,-13.82074264,113.75,7.8125,362.5,29.6875
508,117.9140973,-37.33636764,113.75,7.8125,362.5,29.6875
509,32.25003477,-25.57855514,113.75,7.8125,362.5,29.6875
510,215.5312848,-112.9223051,113.75,7.8125,362.5,29.6875
511,-101.2265277,154.1480074,113.75,7.8125,362.5,29.6875
512,2.367222272,-13.82074264,113.75,7.8125,362.5,29.6875
513,117.9140973,-37.33636764,113.75,7.8125,362.5,29.6875
514,32.25003477,-25.57855514,113.75,7.8125,362.5,29.6875
515,215.5312848,-112.9223051,113.75,7.8125,362.5,29.6875
516,-101.2265277,154.1480074,113.75,7.8125,362.5,29.6875
517,2.367222272,-13.82074264,113.75,7.8125,362.5,29.6875
518,117.9140973,-37.33636764,113.75,7.8125,362.5,29.6875
519,32.25003477,-25.57855514,113.75,7.8125,362.5,29.6875
520,215.5312848,-112.9223051,113.75,7.8125,362.5,29.6875
521,-101.2265277,154.1480074,113.75,7.8125,362.5,29.6875
522,2.367222272,-13.82074264,113.75,7.8125,362.5,29.6875
523,117.9140973,-37.33636764,113.75,7.8125,362.5,29.6875
524,32.25003477,-25.57855514,113.75,7.8125,362.5,29.6875
525,215.5312848,-112.9223051,113.75,7.8125,362.5,29.6875
526,-101.2265277,154.1480074,113.75,7.8125,362.5,29.6875
527,2.367222272,-13.82074264,113.75,7.8125,362.5,29.6875
528,117.9140973,-37.33636764,113.75,7.8125,362.5,29.6875
529,32.25003477,-25.57855514,113.75,7.8125,362.5,29.6875
530,215.5312848,-112.9223051,113.75,7.8125,362.5,29.6875
531,-101.2265277,154.1480074,113.75,7.8125,362.5,29.6875
532,2.367222272,-13.82074264,113.75,7.8125,362.5,29.6875
533,117.9140973,-37.33636764,113.75,7.8125,362.5,29.6875
534,32.25003477,-25.57855514,113.75,7.8125,362.5,29.6875
535,215.5312848,-112.9223051,113.75,7.8125,362.5,29.6875
536,-101.2265277,154.1480074,113.75,7.8125,362.5,29.6875
537,2.367222272,-13.82074264,113.75,7.8125,362.5,29.6875
538,117.9140973,-37.33636764,113.75,7.8125,362.5,29.6875
539,32.25003477,-25.57855514,113.75,7.8125,362.5,29.6875
540,215.5312848,-112.9223051,113.75,7.8125,362.5,29.6875
541,-101.2265277,154.1480074,113.75,7.8125,362.5,29.6875
542,2.367222272,-13.82074264,113.75,7.8125,362.5,29.6875
543,117.9140973,-37.33636764,113.75,7.8125,362.5,29.6875
544,32.25003477,-25.57855514,113.75,7.8125,362.5,29.6875
545,215.5312848,-112.9223051,113.75,7.8125,362.5,29.6875
546,-101.2265277,154.1480074,113.75,7.8125,362.5,29.6875
547,2.367222272,-13.82074264,113.75,7.8125,362.5,29.6875
548,117.9140973,-37.33636764,113.75,7.8125,362.5,29.6875
549,32.25003477,-25.57855514,113.75,7.8125,362.5,29.6875
550,215.5312848,-112.9223051,113.75,7.8125,362.5,29.6875
551,153.7734723,-60.85199264,104.375,18.59375,406.25,17.65625
552,-29.50777773,-94.44574264,104.375,18.59375,406.25,17.65625
553,54.16409727,-198.5863676,104.375,18.59375,406.25,17.65625
554,64.12503477,-106.2035551,104.375,18.59375,406.25,17.65625
555,-39.46871523,102.0776949,104.375,18.59375,406.25,17.65625
556,153.7734723,-60.85199264,104.375,18.59375,406.25,17.65625
557,-29.50777773,-94.44574264,104.375,18.59375,406.25,17.65625
558,54.16409727,-198.5863676,104.375,18.59375,406.25,17.65625
559,64.12503477,-106.2035551,104.375,18.59375,406.25,17.65625
560,-39.46871523,102.0776949,104.375,18.59375,406.25,17.65625
561,153.7734723,-60.85199264,104.375,18.59375,406.25,17.65625
562,-29.50777773,-94.44574264,104.375,18.59375,406.25,17.65625
563,54.16409727,-198.5863676,104.375,18.59375,406.25,17.65625
564,64.12503477,-106.2035551,104.375,18.59375,406.25,17.65625
565,-39.46871523,102.0776949,104.375,18.59375,406.25,17.65625
566,153.7734723,-60.85199264,104.375,18.59375,406.25,17.65625
567,-29.50777773,-94.44574264,104.375,18.59375,406.25,17.65625
568,54.16409727,-198.5863676,104.375,18.59375,406.25,17.65625
569,64.12503477,-106.2035551,104.375,18.59375,406.25,17.65625
570,-39.46871523,102.0776949,104.375,18.59375,406.25,17.65625
571,153.7734723,-60.85199264,104.375,18.59375,406.25,17.65625
572,-29.50777773,-94.44574264,104.375,18.59375,406.25,17.65625
573,54.16409727,-198.5863676,104.375,18.59375,406.25,17.65625
574,64.12503477,-106.2035551,104.375,18.59375,406.25,17.65625
575,-39.46871523,102.0776949,104.375,18.59375,406.25,17.65625
576,153.7734723,-60.85199264,104.375,18.59375,406.25,17.65625
577,-29.50777773,-94.44574264,104.375,18.59375,406.25,17.65625
578,54.16409727,-198.5863676,104.375,18.59375,406.25,17.65625
579,64.12503477,-106.2035551,104.375,18.59375,406.25,17.65625
580,-39.46871523,102.0776949,104.375,18.59375,406.25,17.65625
581,153.7734723,-60.85199264,104.375,18.59375,406.25,17.65625
582,-29.50777773,-94.44574264,104.375,18.59375,406.25,17.65625
583,54.16409727,-198.5863676,104.375,18.59375,406.25,17.65625
584,64.12503477,-106.2035551,104.375,18.59375,406.25,17.65625
585,-39.46871523,102.0776949,104.375,18.59375,406.25,17.65625
586,153.7734723,-60.85199264,104.375,18.59375,406.25,17.65625
587,-29.50777773,-94.44574264,104.375,18.59375,406.25,17.65625
588,54.16409727,-198.5863676,104.375,18.59375,406.25,17.65625
589,64.12503477,-106.2035551,104.375,18.59375,406.25,17.65625
590,-39.46871523,102.0776949,104.375,18.59375,406.25,17.65625
591,153.7734723,-60.85199264,104.375,18.59375,406.25,17.65625
592,-29.50777773,-94.44574264,104.375,18.59375,406.25,17.65625
593,54.16409727,-198.5863676,104.375,18.59375,406.25,17.65625
594,64.12503477,-106.2035551,104.375,18.59375,406.25,17.65625
595,-39.46871523,102.0776949,104.375,18.59375,406.25,17.65625
596,153.7734723,-60.85199264,104.375,18.59375,406.25,17.65625
597,-29.50777773,-94.44574264,104.375,18.59375,406.25,17.65625
598,54.16409727,-198.5863676,104.375,18.59375,406.25,17.65625
599,64.12503477,-106.2035551,104.375,18.59375,406.25,17.65625
600,-39.46871523,102.0776949,104.375,18.59375,406.25,17.65625
601,26.27347227,46.64800736,107.8125,14.140625,365.625,13.828125
602,225.4922223,120.5542574,107.8125,14.140625,365.625,13.828125
603,173.6953473,-3.742617645,107.8125,14.140625,365.625,13.828125
604,191.6250348,-213.7035551,107.8125,14.140625,365.625,13.828125
605,72.09378477,8.015194855,107.8125,14.140625,365.625,13.828125
606,26.27347227,46.64800736,107.8125,14.140625,365.625,13.828125
607,225.4922223,120.5542574,107.8125,14.140625,365.625,13.828125
608,173.6953473,-3.742617645,107.8125,14.140625,365.625,13.828125
609,191.6250348,-213.7035551,107.8125,14.140625,365.625,13.828125
610,72.09378477,8.015194855,107.8125,14.140625,365.625,13.828125
611,26.27347227,46.64800736,107.8125,14.140625,365.625,13.828125
612,225.4922223,120.5542574,107.8125,14.140625,365.625,13.828125
613,173.6953473,-3.742617645,107.8125,14.140625,365.625,13.828125
614,191.6250348,-213.7035551,107.8125,14.140625,365.625,13.828125
615,72.09378477,8.015194855,107.8125,14.140625,365.625,13.828125
616,26.27347227,46.64800736,107.8125,14.140625,365.625,13.828125
617,225.4922223,120.5542574,107.8125,14.140625,365.625,13.828125
618,173.6953473,-3.742617645,107.8125,14.140625,365.625,13.828125
619,191.6250348,-213.7035551,107.8125,14.140625,365.625,13.828125
620,72.09378477,8.015194855,107.8125,14.140625,365.625,13.828125
621,26.27347227,46.64800736,107.8125,14.140625,365.625,13.828125
622,225.4922223,120.5542574,107.8125,14.140625,365.625,13.828125
623,173.6953473,-3.742617645,107.8125,14.140625,365.625,13.828125
624,191.6250348,-213.7035551,107.8125,14.140625,365.625,13.828125
625,72.09378477,8.015194855,107.8125,14.140625,365.625,13.828125
626,26.27347227,46.64800736,107.8125,14.140625,365.625,13.828125
627,225.4922223,120.5542574,107.8125,14.140625,365.625,13.828125
628,173.6953473,-3.742617645,107.8125,14.140625,365.625,13.828125
629,191.6250348,-213.7035551,107.8125,14.140625,365.625,13.828125
630,72.09378477,8.015194855,107.8125,14.140625,365.625,13.828125
631,26.27347227,46.64800736,107.8125,14.140625,365.625,13.828125
632,225.4922223,120.5542574,107.8125,14.140625,365.625,13.828125
633,173.6953473,-3.742617645,107.8125,14.140625,365.625,13.828125
634,191.6250348,-213.7035551,107.8125,14.140625,365.625,13.828125
635,72.09378477,8.015194855,107.8125,14.140625,365.625,13.828125
636,26.27347227,46.64800736,107.8125,14.140625,365.625,13.828125
637,225.4922223,120.5542574,107.8125,14.140625,365.625,13.828125
638,173.6953473,-3.742617645,107.8125,14.140625,365.625,13.828125
639,191.6250348,-213.7035551,107.8125,14.140625,365.625,13.828125
640,72.09378477,8.015194855,107.8125,14.140625,365.625,13.828125
641,26.27347227,46.64800736,107.8125,14.140625,365.625,13.828125
642,225.4922223,120.5542574,107.8125,14.140625,365.625,13.828125
643,173.6953473,-3.742617645,107.8125,14.140625,365.625,13.828125
644,191.6250348,-213.7035551,107.8125,14.140625,365.625,13.828125
645,72.09378477,8.015194855,107.8125,14.140625,365.625,13.828125
646,26.27347227,46.64800736,107.8125,14.140625,365.625,13.828125
647,225.4922223,120.5542574,107.8125,14.140625,365.625,13.828125
648,173.6953473,-3.742617645,107.8125,14.140625,365.625,13.828125
649,191.6250348,-213.7035551,107.8125,14.140625,365.625,13.828125
650,72.09378477,8.015194855,107.8125,14.140625,365.625,13.828125
651,376.8984723,-248.9769926,110.9375,10.859375,434.375,38.984375
652,293.2265973,-212.0238676,110.9375,10.859375,434.375,38.984375
653,237.4453473,-272.4926176,110.9375,10.859375,434.375,38.984375
654,-63.37496523,1.296444855,110.9375,10.859375,434.375,38.984375
655,135.8437848,-260.7348051,110.9375,10.859375,434.375,38.984375
656,376.8984723,-248.9769926,110.9375,10.859375,434.375,38.984375
657,293.2265973,-212.0238676,110.9375,10.859375,434.375,38.984375
658,237.4453473,-272.4926176,110.9375,10.859375,434.375,38.984375
659,-63.37496523,1.296444855,110.9375,10.859375,434.375,38.984375
660,135.8437848,-260.7348051,110.9375,10.859375,434.375,38.984375
661,376.8984723,-248.9769926,110.9375,10.859375,434.375,38.984375
662,293.2265973,-212.0238676,110.9375,10.859375,434.375,38.984375
663,237.4453473,-272.4926176,110.9375,10.859375,434.375,38.984375
664,-63.37496523,1.296444855,110.9375,10.859375,434.375,38.984375
665,135.8437848,-260.7348051,110.9375,10.859375,434.375,38.984375
666,376.8984723,-248.9769926,110.9375,10.859375,434.375,38.984375
667,293.2265973,-212.0238676,110.9375,10.859375,434.375,38.984375
668,237.4453473,-272.4926176,110.9375,10.859375,434.375,38.984375
669,-63.37496523,1.296444855,110.9375,10.859375,434.375,38.984375
670,135.8437848,-260.7348051,110.9375,10.859375,434.375,38.984375
671,376.8984723,-248.9769926,110.9375,10.859375,434.375,38.984375
672,293.2265973,-212.0238676,110.9375,10.859375,434.375,38.984375
673,237.4453473,-272.4926176,110.9375,10.859375,434.375,38.984375
674,-63.37496523,1.296444855,110.9375,10.859375,434.375,38.984375
675,135.8437848,-260.7348051,110.9375,10.859375,434.375,38.984375
676,376.8984723,-248.9769926,110.9375,10.859375,434.375,38.984375
677,293.2265973,-212.0238676,110.9375,10.859375,434.375,38.984375
678,237.4453473,-272.4926176,110.9375,10.859375,434.375,38.984375
679,-63.37496523,1.296444855,110.9375,10.859375,434.375,38.984375
680,135.8437848,-260.7348051,110.9375,10.859375,434.375,38.984375
681,376.8984723,-248.9769926,110.9375,10.859375,434.375,38.984375
682,293.2265973,-212.0238676,110.9375,10.859375,434.375,38.984375
683,237.4453473,-272.4926176,110.9375,10.859375,434.375,38.984375
684,-63.37496523,1.296444855,110.9375,10.859375,434.375,38.984375
685,135.8437848,-260.7348051,110.9375,10.859375,434.375,38.984375
686,376.8984723,-248.9769926,110.9375,10.859375,434.375,38.984375
687,293.2265973,-212.0238676,110.9375,10.859375,434.375,38.984375
688,237.4453473,-272.4926176,110.9375,10.859375,434.375,38.984375
689,-63.37496523,1.296444855,110.9375,10.859375,434.375,38.984375
690,135.8437848,-260.7348051,110.9375,10.859375,434.375,38.984375
691,376.8984723,-248.9769926,110.9375,10.859375,434.375,38.984375
692,293.2265973,-212.0238676,110.9375,10.859375,434.375,38.984375
693,237.4453473,-272.4926176,110.9375,10.859375,434.375,38.984375
694,-63.37496523,1.296444855,110.9375,10.859375,434.375,38.984375
695,135.8437848,-260.7348051,110.9375,10.859375,434.375,38.984375
696,376.8984723,-248.9769926,110.9375,10.859375,434.375,38.984375
697,293.2265973,-212.0238676,110.9375,10.859375,434.375,38.984375
698,237.4453473,-272.4926176,110.9375,10.859375,434.375,38.984375
699,-63.37496523,1.296444855,110.9375,10.859375,434.375,38.984375
700,135.8437848,-260.7348051,110.9375,10.859375,434.375,38.984375
701,313.1484723,19.77300736,112.03125,17.0703125,348.4375,31.0546875
702,356.9765973,-50.77386764,112.03125,17.0703125,348.4375,31.0546875
703,269.3203473,130.6323824,112.03125,17.0703125,348.4375,31.0546875
704,143.8125348,-146.5160551,112.03125,17.0703125,348.4375,31.0546875
705,231.4687848,34.89019486,112.03125,17.0703125,348.4375,31.0546875
706,313.1484723,19.77300736,112.03125,17.0703125,348.4375,31.0546875
707,356.9765973,-50.77386764,112.03125,17.0703125,348.4375,31.0546875
708,269.3203473,130.6323824,112.03125,17.0703125,348.4375,31.0546875
709,143.8125348,-146.5160551,112.03125,17.0703125,348.4375,31.0546875
710,231.4687848,34.89019486,112.03125,17.0703125,348.4375,31.0546875
711,313.1484723,19.77300736,112.03125,17.0703125,348.4375,31.0546875
712,356.9765973,-50.77386764,112.03125,17.0703125,348.4375,31.0546875
713,269.3203473,130.6323824,112.03125,17.0703125,348.4375,31.0546875
714,143.8125348,-146.5160551,112.03125,17.0703125,348.4375,31.0546875
715,231.4687848,34.89019486,112.03125,17.0703125,348.4375,31.0546875
716,313.1484723,19.77300736,112.03125,17.0703125,348.4375,31.0546875
717,356.9765973,-50.77386764,112.03125,17.0703125,348.4375,31.0546875
718,269.3203473,130.6323824,112.03125,17.0703125,348.4375,31.0546875
719,143.8125348,-146.5160551,112.03125,17.0703125,348.4375,31.0546875
720,231.4687848,34.89019486,112.03125,17.0703125,348.4375,31.0546875
721,313.1484723,19.77300736,112.03125,17.0703125,348.4375,31.0546875
722,356.9765973,-50.77386764,112.03125,17.0703125,348.4375,31.0546875
723,269.3203473,130.6323824,112.03125,17.0703125,348.4375,31.0546875
724,143.8125348,-146.5160551,112.03125,17.0703125,348.4375,31.0546875
725,231.4687848,34.89019486,112.03125,17.0703125,348.4375,31.0546875
726,313.1484723,19.77300736,112.03125,17.0703125,348.4375,31.0546875
727,356.9765973,-50.77386764,112.03125,17.0703125,348.4375,31.0546875
728,269.3203473,130.6323824,112.03125,17.0703125,348.4375,31.0546875
729,143.8125348,-146.5160551,112.03125,17.0703125,348.4375,31.0546875
730,231.4687848,34.89019486,112.03125,17.0703125,348.4375,31.0546875
731,313.1484723,19.77300736,112.03125,17.0703125,348.4375,31.0546875
732,356.9765973,-50.77386764,112.03125,17.0703125,348.4375,31.0546875
733,269.3203473,130.6323824,112.03125,17.0703125,348.4375,31.0546875
734,143.8125348,-146.5160551,112.03125,17.0703125,348.4375,31.0546875
735,231.4687848,34.89019486,112.03125,17.0703125,348.4375,31.0546875
736,313.1484723,19.77300736,112.03125,17.0703125,348.4375,31.0546875
737,356.9765973,-50.77386764,112.03125,17.0703125,348.4375,31.0546875
738,269.3203473,130.6323824,112.03125,17.0703125,348.4375,31.0546875
739,143.8125348,-146.5160551,112.03125,17.0703125,348.4375,31.0546875
740,231.4687848,34.89019486,112.03125,17.0703125,348.4375,31.0546875
741,313.1484723,19.77300736,112.03125,17.0703125,348.4375,31.0546875
742,356.9765973,-50.77386764,112.03125,17.0703125,348.4375,31.0546875
743,269.3203473,130.6323824,112.03125,17.0703125,348.4375,31.0546875
744,143.8125348,-146.5160551,112.03125,17.0703125,348.4375,31.0546875
745,231.4687848,34.89019486,112.03125,17.0703125,348.4375,31.0546875
746,313.1484723,19.77300736,112.03125,17.0703125,348.4375,31.0546875
747,356.9765973,-50.77386764,112.03125,17.0703125,348.4375,31.0546875
748,269.3203473,130.6323824,112.03125,17.0703125,348.4375,31.0546875
749,143.8125348,-146.5160551,112.03125,17.0703125,348.4375,31.0546875
750,231.4687848,34.89019486,112.03125,17.0703125,348.4375,31.0546875
751,360.9609723,-101.1644926,114.84375,6.0546875,432.8125,19.5703125
752,325.1015973,83.60113236,114.84375,6.0546875,432.8125,19.5703125
753,396.8203473,-191.8676176,114.84375,6.0546875,432.8125,19.5703125
754,398.8125348,68.48394486,114.84375,6.0546875,432.8125,19.5703125
755,103.9687848,142.3901949,114.84375,6.0546875,432.8125,19.5703125
756,360.9609723,-101.1644926,114.84375,6.0546875,432.8125,19.5703125
757,325.1015973,83.60113236,114.84375,6.0546875,432.8125,19.5703125
758,396.8203473,-191.8676176,114.84375,6.0546875,432.8125,19.5703125
759,398.8125348,68.48394486,114.84375,6.0546875,432.8125,19.5703125
760,103.9687848,142.3901949,114.84375,6.0546875,432.8125,19.5703125
761,360.9609723,-101.1644926,114.84375,6.0546875,432.8125,19.5703125
762,325.1015973,83.60113236,114.84375,6.0546875,432.8125,19.5703125
763,396.8203473,-191.8676176,114.84375,6.0546875,432.8125,19.5703125
764,398.8125348,68.48394486,114.84375,6.0546875,432.8125,19.5703125
765,103.9687848,142.3901949,114.84375,6.0546875,432.8125,19.5703125
766,360.9609723,-101.1644926,114.84375,6.0546875,432.8125,19.5703125
767,325.1015973,83.60113236,114.84375,6.0546875,432.8125,19.5703125
768,396.8203473,-191.8676176,114.84375,6.0546875,432.8125,19.5703125
769,398.8125348,68.48394486,114.84375,6.0546875,432.8125,19.5703125
770,103.9687848,142.3901949,114.84375,6.0546875,432.8125,19.5703125
771,360.9609723,-101.1644926,114.84375,6.0546875,432.8125,19.5703125
772,325.1015973,83.60113236,114.84375,6.0546875,432.8125,19.5703125
773,396.8203473,-191.8676176,114.84375,6.0546875,432.8125,19.5703125
774,398.8125348,68.48394486,114.84375,6.0546875,432.8125,19.5703125
775,103.9687848,142.3901949,114.84375,6.0546875,432.8125,19.5703125
776,360.9609723,-101.1644926,114.84375,6.0546875,432.8125,19.5703125
777,325.1015973,83.60113236,114.84375,6.0546875,432.8125,19.5703125
778,396.8203473,-191.8676176,114.84375,6.0546875,432.8125,19.5703125
779,398.8125348,68.48394486,114.84375,6.0546875,432.8125,19.5703125
780,103.9687848,142.3901949,114.84375,6.0546875,432.8125,19.5703125
781,360.9609723,-101.1644926,114.84375,6.0546875,432.8125,19.5703125
782,325.1015973,83.60113236,114.84375,6.0546875,432.8125,19.5703125
783,396.8203473,-191.8676176,114.84375,6.0546875,432.8125,19.5703125
784,398.8125348,68.48394486,114.84375,6.0546875,432.8125,19.5703125
785,103.9687848,142.3901949,114.84375,6.0546875,432.8125,19.5703125
786,360.9609723,-101.1644926,114.84375,6.0546875,432.8125,19.5703125
787,325.1015973,83.60113236,114.84375,6.0546875,432.8125,19.5703125
788,396.8203473,-191.8676176,114.84375,6.0546875,432.8125,19.5703125
789,398.8125348,68.48394486,114.84375,6.0546875,432.8125,19.5703125
790,103.9687848,142.3901949,114.84375,6.0546875,432.8125,19.5703125
791,360.9609723,-101.1644926,114.84375,6.0546875,432.8125,19.5703125
792,325.1015973,83.60113236,114.84375,6.0546875,432.8125,19.5703125
793,396.8203473,-191.8676176,114.84375,6.0546875,432.8125,19.5703125
794,398.8125348,68.48394486,114.84375,6.0546875,432.8125,19.5703125
795,103.9687848,142.3901949,114.84375,6.0546875,432.8125,19.5703125
796,360.9609723,-101.1644926,114.84375,6.0546875,432.8125,19.5703125
797,325.1015973,83.60113236,114.84375,6.0546875,432.8125,19.5703125
798,396.8203473,-191.8676176,114.84375,6.0546875,432.8125,19.5703125
799,398.8125348,68.48394486,114.84375,6.0546875,432.8125,19.5703125
800,103.9687848,142.3901949,114.84375,6.0546875,432.8125,19.5703125
801,297.2109723,60.08550736,105.234375,11.15234375,449.21875,28.18359375
802,-41.46090273,-225.4613676,105.234375,11.15234375,449.21875,28.18359375
803,-1.617152728,144.0698824,105.234375,11.15234375,449.21875,28.18359375
804,-79.31246523,95.35894486,105.234375,11.15234375,449.21875,28.18359375
805,-91.26559023,-190.1879301,105.234375,11.15234375,449.21875,28.18359375
806,297.2109723,60.08550736,105.234375,11.15234375,449.21875,28.18359375
807,-41.46090273,-225.4613676,105.234375,11.15234375,449.21875,28.18359375
808,-1.617152728,144.0698824,105.234375,11.15234375,449.21875,28.18359375
809,-79.31246523,95.35894486,105.234375,11.15234375,449.21875,28.18359375
810,-91.26559023,-190.1879301,105.234375,11.15234375,449.21875,28.18359375
811,297.2109723,60.08550736,105.234375,11.15234375,449.21875,28.18359375
812,-41.46090273,-225.4613676,105.234375,11.15234375,449.21875,28.18359375
813,-1.617152728,144.0698824,105.234375,11.15234375,449.21875,28.18359375
814,-79.31246523,95.35894486,105.234375,11.15234375,449.21875,28.18359375
815,-91.26559023,-190.1879301,105.234375,11.15234375,449.21875,28.18359375
816,297.2109723,60.08550736,105.234375,11.15234375,449.21875,28.18359375
817,-41.46090273,-225.4613676,105.234375,11.15234375,449.21875,28.18359375
818,-1.617152728,144.0698824,105.234375,11.15234375,449.21875,28.18359375
819,-79.31246523,95.35894486,105.234375,11.15234375,449.21875,28.18359375
820,-91.26559023,-190.1879301,105.234375,11.15234375,449.21875,28.18359375
821,297.2109723,60.08550736,105.234375,11.15234375,449.21875,28.18359375
822,-41.46090273,-225.4613676,105.234375,11.15234375,449.21875,28.18359375
823,-1.617152728,144.0698824,105.234375,11.15234375,449.21875,28.18359375
824,-79.31246523,95.35894486,105.234375,11.15234375,449.21875,28.18359375
825,-91.26559023,-190.1879301,105.234375,11.15234375,449.21875,28.18359375
826,297.2109723,60.08550736,105.234375,11.15234375,449.21875,28.18359375
827,-41.46090273,-225.4613676,105.234375,11.15234375,449.21875,28.18359375
828,-1.617152728,144.0698824,105.234375,11.15234375,449.21875,28.18359375
829,-79.31246523,95.35894486,105.234375,11.15234375,449.21875,28.18359375
830,-91.26559023,-190.1879301,105.234375,11.15234375,449.21875,28.18359375
831,297.2109723,60.08550736,105.234375,11.15234375,449.21875,28.18359375
832,-41.46090273,-225.4613676,105.234375,11.15234375,449.21875,28.18359375
833,-1.617152728,144.0698824,105.234375,11.15234375,449.21875,28.18359375
834,-79.31246523,95.35894486,105.234375,11.15234375,449.21875,28.18359375
835,-91.26559023,-190.1879301,105.234375,11.15234375,449.21875,28.18359375
836,297.2109723,60.08550736,105.234375,11.15234375,449.21875,28.18359375
837,-41.46090273,-225.4613676,105.234375,11.15234375,449.21875,28.18359375
838,-1.617152728,144.0698824,105.234375,11.15234375,449.21875,28.18359375
839,-79.31246523,95.35894486,105.234375,11.15234375,449.21875,28.18359375
840,-91.26559023,-190.1879301,105.234375,11.15234375,449.21875,28.18359375
841,297.2109723,60.08550736,105.234375,11.15234375,449.21875,28.18359375
842,-41.46090273,-225.4613676,105.234375,11.15234375,449.21875,28.18359375
843,-1.617152728,144.0698824,105.234375,11.15234375,449.21875,28.18359375
844,-79.31246523,95.35894486,105.234375,11.15234375,449.21875,28.18359375
845,-91.26559023,-190.1879301,105.234375,11.15234375,449.21875,28.18359375
846,297.2109723,60.08550736,105.234375,11.15234375,449.21875,28.18359375
847,-41.46090273,-225.4613676,105.234375,11.15234375,449.21875,28.18359375
848,-1.617152728,144.0698824,105.234375,11.15234375,449.21875,28.18359375
849,-79.31246523,95.35894486,105.234375,11.15234375,449.21875,28.18359375
850,-91.26559023,-190.1879301,105.234375,11.15234375,449.21875,28.18359375
851,18.30472227,-242.2582426,105.546875,17.48046875,458.59375,44.04296875
852,404.7890973,150.7886324,105.546875,17.48046875,458.59375,44.04296875
853,94.00784727,63.44488236,105.546875,17.48046875,458.59375,44.04296875
854,247.4062848,-193.5473051,105.546875,17.48046875,458.59375,44.04296875
855,291.2344098,-82.68793014,105.546875,17.48046875,458.59375,44.04296875
856,18.30472227,-242.2582426,105.546875,17.48046875,458.59375,44.04296875
857,404.7890973,150.7886324,105.546875,17.48046875,458.59375,44.04296875
858,94.00784727,63.44488236,105.546875,17.48046875,458.59375,44.04296875
859,247.4062848,-193.5473051,105.546875,17.48046875,458.59375,44.04296875
860,291.2344098,-82.68793014,105.546875,17.48046875,458.59375,44.04296875
861,18.30472227,-242.2582426,105.546875,17.48046875,458.59375,44.04296875
862,404.7890973,150.7886324,105.546875,17.48046875,458.59375,44.04296875
863,94.00784727,63.44488236,105.546875,17.48046875,458.59375,44.04296875
864,247.4062848,-193.5473051,105.546875,17.48046875,458.59375,44.04296875
865,291.2344098,-82.68793014,105.546875,17.48046875,458.59375,44.04296875
866,18.30472227,-242.2582426,105.546875,17.48046875,458.59375,44.04296875
867,404.7890973,150.7886324,105.546875,17.48046875,458.59375,44.04296875
868,94.00784727,63.44488236,105.546875,17.48046875,458.59375,44.04296875
869,247.4062848,-193.5473051,105.546875,17.48046875,458.59375,44.04296875
870,291.2344098,-82.68793014,105.546875,17.48046875,458.59375,44.04296875
871,18.30472227,-242.2582426,105.546875,17.48046875,458.59375,44.04296875
872,404.7890973,150.7886324,105.546875,17.48046875,458.59375,44.04296875
873,94.00784727,63.44488236,105.546875,17.48046875,458.59375,44.04296875
874,247.4062848,-193.5473051,105.546875,17.48046875,458.59375,44.04296875
875,291.2344098,-82.68793014,105.546875,17.48046875,458.59375,44.04296875
876,18.30472227,-242.2582426,105.546875,17.48046875,458.59375,44.04296875
877,404.7890973,150.7886324,105.546875,17.48046875,458.59375,44.04296875
878,94.00784727,63.44488236,105.546875,17.48046875,458.59375,44.04296875
879,247.4062848,-193.5473051,105.546875,17.48046875,458.59375,44.04296875
880,291.2344098,-82.68793014,105.546875,17.48046875,458.59375,44.04296875
881,18.30472227,-242.2582426,105.546875,17.48046875,458.59375,44.04296875
882,404.7890973,150.7886324,105.546875,17.48046875,458.59375,44.04296875
883,94.00784727,63.44488236,105.546875,17.48046875,458.59375,44.04296875
884,247.4062848,-193.5473051,105.546875,17.48046875,458.59375,44.04296875
885,291.2344098,-82.68793014,105.546875,17.48046875,458.59375,44.04296875
886,18.30472227,-242.2582426,105.546875,17.48046875,458.59375,44.04296875
887,404.7890973,150.7886324,105.546875,17.48046875,458.59375,44.04296875
888,94.00784727,63.44488236,105.546875,17.48046875,458.59375,44.04296875
889,247.4062848,-193.5473051,105.546875,17.48046875,458.59375,44.04296875
890,291.2344098,-82.68793014,105.546875,17.48046875,458.59375,44.04296875
891,18.30472227,-242.2582426,105.546875,17.48046875,458.59375,44.04296875
892,404.7890973,150.7886324,105.546875,17.48046875,458.59375,44.04296875
893,94.00784727,63.44488236,105.546875,17.48046875,458.59375,44.04296875
894,247.4062848,-193.5473051,105.546875,17.48046875,458.59375,44.04296875
895,291.2344098,-82.68793014,105.546875,17.48046875,458.59375,44.04296875
896,18.30472227,-242.2582426,105.546875,17.48046875,458.59375,44.04296875
897,404.7890973,150.7886324,105.546875,17.48046875,458.59375,44.04296875
898,94.00784727,63.44488236,105.546875,17.48046875,458.59375,44.04296875
899,247.4062848,-193.5473051,105.546875,17.48046875,458.59375,44.04296875
900,291.2344098,-82.68793014,105.546875,17.48046875,458.59375,44.04296875
901,400.8047223,-134.7582426,116.953125,14.78515625,400.78125,14.23828125
902,-9.585902728,-144.8363676,116.953125,14.78515625,400.78125,14.23828125
903,-97.24215273,9.694882355,116.953125,14.78515625,400.78125,14.23828125
904,406.7812848,-274.1723051,116.953125,14.78515625,400.78125,14.23828125
905,327.8408551,-152.6049223,116.953125,14.78515625,400.78125,14.23828125
906,400.8047223,-134.7582426,116.953125,14.78515625,400.78125,14.23828125
907,-9.585902728,-144.8363676,116.953125,14.78515625,400.78125,14.23828125
908,-97.24215273,9.694882355,116.953125,14.78515625,400.78125,14.23828125
909,406.7812848,-274.1723051,116.953125,14.78515625,400.78125,14.23828125
910,327.8408551,-152.6049223,116.953125,14.78515625,400.78125,14.23828125
911,400.8047223,-134.7582426,116.953125,14.78515625,400.78125,14.23828125
912,-9.585902728,-144.8363676,116.953125,14.78515625,400.78125,14.23828125
913,-97.24215273,9.694882355,116.953125,14.78515625,400.78125,14.23828125
914,406.7812848,-274.1723051,116.953125,14.78515625,400.78125,14.23828125
915,327.8408551,-152.6049223,116.953125,14.78515625,400.78125,14.23828125
916,400.8047223,-134.7582426,116.953125,14.78515625,400.78125,14.23828125
917,-9.585902728,-144.8363676,116.953125,14.78515625,400.78125,14.23828125
918,-97.24215273,9.694882355,116.953125,14.78515625,400.78125,14.23828125
919,406.7812848,-274.1723051,116.953125,14.78515625,400.78125,14.23828125
920,327.8408551,-152.6049223,116.953125,14.78515625,400.78125,14.23828125
921,400.8047223,-134.7582426,116.953125,14.78515625,400.78125,14.23828125
922,-9.585902728,-144.8363676,116.953125,14.78515625,400.78125,14.23828125
923,-97.24215273,9.694882355,116.953125,14.78515625,400.78125,14.23828125
924,406.7812848,-274.1723051,116.953125,14.78515625,400.78125,14.23828125
925,327.8408551,-152.6049223,116.953125,14.78515625,400.78125,14.23828125
926,400.8047223,-134.7582426,116.953125,14.78515625,400.78125,14.23828125
927,-9.585902728,-144.8363676,116.953125,14.78515625,400.78125,14.23828125
928,-97.24215273,9.694882355,116.953125,14.78515625,400.78125,14.23828125
929,406.7812848,-274.1723051,116.953125,14.78515625,400.78125,14.23828125
930,327.8408551,-152.6049223,116.953125,14.78515625,400.78125,14.23828125
931,400.8047223,-134.7582426,116.953125,14.78515625,400.78125,14.23828125
932,-9.585902728,-144.8363676,116.953125,14.78515625,400.78125,14.23828125
933,-97.24215273,9.694882355,116.953125,14.78515625,400.78125,14.23828125
934,406.7812848,-274.1723051,116.953125,14.78515625,400.78125,14.23828125
935,327.8408551,-152.6049223,116.953125,14.78515625,400.78125,14.23828125
936,400.8047223,-134.7582426,116.953125,14.78515625,400.78125,14.23828125
937,-9.585902728,-144.8363676,116.953125,14.78515625,400.78125,14.23828125
938,-97.24215273,9.694882355,116.953125,14.78515625,400.78125,14.23828125
939,406.7812848,-274.1723051,116.953125,14.78515625,400.78125,14.23828125
940,327.8408551,-152.6049223,116.953125,14.78515625,400.78125,14.23828125
941,400.8047223,-134.7582426,116.953125,14.78515625,400.78125,14.23828125
942,-9.585902728,-144.8363676,116.953125,14.78515625,400.78125,14.23828125
943,-97.24215273,9.694882355,116.953125,14.78515625,400.78125,14.23828125
944,406.7812848,-274.1723051,116.953125,14.78515625,400.78125,14.23828125
945,327.8408551,-152.6049223,116.953125,14.78515625,400.78125,14.23828125
946,400.8047223,-134.7582426,116.953125,14.78515625,400.78125,14.23828125
947,-9.585902728,-144.8363676,116.953125,14.78515625,400.78125,14.23828125
948,-97.24215273,9.694882355,116.953125,14.78515625,400.78125,14.23828125
949,406.7812848,-274.1723051,116.953125,14.78515625,400.78125,14.23828125
950,327.8408551,-152.6049223,116.953125,14.78515625,400.78125,14.23828125
951,337.0547223,133.9917574,105.4394531,10.25146484,366.8945313,42.96630859
952,245.4140973,70.16363236,105.4394531,10.25146484,366.8945313,42.96630859
953,159.7500348,81.92144486,105.4394531,10.25146484,366.8945313,42.96630859
954,88.03128477,-220.4223051,105.4394531,10.25146484,366.8945313,42.96630859
955,-90.51851992,-135.8080473,105.4394531,10.25146484,366.8945313,42.96630859
956,337.0547223,133.9917574,105.4394531,10.25146484,366.8945313,42.96630859
957,245.4140973,70.16363236,105.4394531,10.25146484,366.8945313,42.96630859
958,159.7500348,81.92144486,105.4394531,10.25146484,366.8945313,42.96630859
959,88.03128477,-220.4223051,105.4394531,10.25146484,366.8945313,42.96630859
960,-90.51851992,-135.8080473,105.4394531,10.25146484,366.8945313,42.96630859
961,337.0547223,133.9917574,105.4394531,10.25146484,366.8945313,42.96630859
962,245.4140973,70.16363236,105.4394531,10.25146484,366.8945313,42.96630859
963,159.7500348,81.92144486,105.4394531,10.25146484,366.8945313,42.96630859
964,88.03128477,-220.4223051,105.4394531,10.25146484,366.8945313,42.96630859
965,-90.51851992,-135.8080473,105.4394531,10.25146484,366.8945313,42.96630859
966,337.0547223,133.9917574,105.4394531,10.25146484,366.8945313,42.96630859
967,245.4140973,70.16363236,105.4394531,10.25146484,366.8945313,42.96630859
968,159.7500348,81.92144486,105.4394531,10.25146484,366.8945313,42.96630859
969,88.03128477,-220.4223051,105.4394531,10.25146484,366.8945313,42.96630859
970,-90.51851992,-135.8080473,105.4394531,10.25146484,366.8945313,42.96630859
971,337.0547223,133.9917574,105.4394531,10.25146484,366.8945313,42.96630859
972,245.4140973,70.16363236,105.4394531,10.25146484,366.8945313,42.96630859
973,159.7500348,81.92144486,105.4394531,10.25146484,366.8945313,42.96630859
974,88.03128477,-220.4223051,105.4394531,10.25146484,366.8945313,42.96630859
975,-90.51851992,-135.8080473,105.4394531,10.25146484,366.8945313,42.96630859
976,337.0547223,133.9917574,105.4394531,10.25146484,366.8945313,42.96630859
977,245.4140973,70.16363236,105.4394531,10.25146484,366.8945313,42.96630859
978,159.7500348,81.92144486,105.4394531,10.25146484,366.8945313,42.96630859
979,88.03128477,-220.4223051,105.4394531,10.25146484,366.8945313,42.96630859
980,-90.51851992,-135.8080473,105.4394531,10.25146484,366.8945313,42.96630859
981,337.0547223,133.9917574,105.4394531,10.25146484,366.8945313,42.96630859
982,245.4140973,70.16363236,105.4394531,10.25146484,366.8945313,42.96630859
983,159.7500348,81.92144486,105.4394531,10.25146484,366.8945313,42.96630859
984,88.03128477,-220.4223051,105.4394531,10.25146484,366.8945313,42.96630859
985,-90.51851992,-135.8080473,105.4394531,10.25146484,366.8945313,42.96630859
986,337.0547223,133.9917574,105.4394531,10.25146484,366.8945313,42.96630859
987,245.4140973,70.16363236,105.4394531,10.25146484,366.8945313,42.96630859
988,159.7500348,81.92144486,105.4394531,10.25146484,366.8945313,42.96630859
989,88.03128477,-220.4223051,105.4394531,10.25146484,366.8945313,42.96630859
990,-90.51851992,-135.8080473,105.4394531,10.25146484,366.8945313,42.96630859
991,337.0547223,133.9917574,105.4394531,10.25146484,366.8945313,42.96630859
992,245.4140973,70.16363236,105.4394531,10.25146484,366.8945313,42.96630859
993,159.7500348,81.92144486,105.4394531,10.25146484,366.8945313,42.96630859
994,88.03128477,-220.4223051,105.4394531,10.25146484,366.8945313,42.96630859
995,-90.51851992,-135.8080473,105.4394531,10.25146484,366.8945313,42.96630859
996,337.0547223,133.9917574,105.4394531,10.25146484,366.8945313,42.96630859
997,245.4140973,70.16363236,105.4394531,10.25146484,366.8945313,42.96630859
998,159.7500348,81.92144486,105.4394531,10.25146484,366.8945313,42.96630859
999,88.03128477,-220.4223051,105.4394531,10.25146484,366.8945313,42.96630859
1000,-90.51851992,-135.8080473,105.4394531,10.25146484,366.8945313,42.96630859
