Job ID,HIC Value
1,1425.263717
2,877.0833092
3,1483.744726
4,950.597234
5,929.99325
6,929.5139438
7,918.9615064
8,1262.76995
9,874.0244339
10,861.2087754
11,1385.089604
12,1285.078723
13,975.8834025
14,890.1790577
15,956.4058007
16,885.1156558
17,1504.431156
18,1010.894559
19,1329.99759
20,935.2636157
21,999.3412641
22,1033.599194
23,888.609819
24,873.3325009
25,920.3892532
26,934.9041648
27,1422.056649
28,1016.86402
29,1725.787962
30,1002.262103
31,1368.767451
32,1007.503414
33,808.1230216
34,1428.7447
35,908.0837237
36,978.676389
37,1474.104164
38,871.3047931
39,965.3237505
40,902.2454668
41,921.6037697
42,1481.393657
43,982.7889295
44,750.3081431
45,922.5766709
46,970.5068041
47,1494.810705
48,957.2996897
49,983.2045714
50,1686.376617
51,1368.333659
52,853.432715
53,1518.938086
54,940.0373965
55,917.9035175
56,888.8595916
57,893.1561548
58,1256.109419
59,834.7353178
60,823.6138855
61,1295.504469
62,1252.159743
63,913.0517661
64,880.2988122
65,870.6282006
66,836.1381055
67,1468.25449
68,1047.837715
69,1272.304553
70,881.8159083
71,868.5594897
72,1021.883339
73,838.4802484
74,875.9253902
75,870.3687953
76,896.8990499
77,1359.267497
78,985.6423235
79,1368.692193
80,954.6981542
81,1282.348062
82,919.1678246
83,798.3958606
84,1367.348617
85,852.5618045
86,917.1171681
87,1403.059875
88,847.1643088
89,941.247599
90,871.443782
91,884.5965908
92,1435.752522
93,944.9305265
94,771.5968779
95,833.1979198
96,927.5826133
97,1492.648896
98,909.9356138
99,945.9685865
100,1661.300561
101,1550.268022
102,878.7822469
103,1575.433676
104,985.9231374
105,993.1210159
106,963.6493823
107,968.2842483
108,1516.224707
109,913.7420671
110,951.5709808
111,1509.579705
112,1367.325869
113,1032.07478
114,1084.086727
115,939.7645764
116,925.6011156
117,1489.695088
118,1111.259438
119,1279.443726
120,996.5402158
121,1041.032528
122,1077.933105
123,1023.22481
124,946.1909118
125,984.5034794
126,961.7157862
127,1523.421834
128,1128.690403
129,1480.048097
130,1096.554126
131,1527.68573
132,1283.448799
133,889.9486699
134,1417.515917
135,899.4837278
136,1040.137245
137,1550.153799
138,942.0914797
139,984.5850543
140,796.989004
141,994.3961487
142,1526.865102
143,1063.820644
144,808.1078609
145,1025.251564
146,1216.268381
147,1475.337625
148,1046.685954
149,1019.95473
150,1763.557641
151,1324.70652
152,684.6226196
153,1291.857104
154,911.7380298
155,885.7805286
156,836.4644947
157,835.4727733
158,1058.867911
159,824.0657203
160,777.5655726
161,1241.768994
162,1073.404646
163,838.3319937
164,828.1656543
165,856.6760908
166,764.6853991
167,1401.150605
168,991.5994565
169,1228.602507
170,834.2154563
171,825.6824895
172,964.900469
173,758.0115725
174,809.6084375
175,809.935876
176,865.4989521
177,1355.433146
178,884.0480827
179,1363.318646
180,818.2496696
181,1234.425975
182,885.9517226
183,737.1460587
184,1305.405779
185,829.5839516
186,926.5180475
187,1332.873914
188,772.3350321
189,916.8795053
190,728.6714375
191,807.7320005
192,1408.589114
193,845.1903634
194,702.0679524
195,842.2862484
196,881.2420853
197,1428.60579
198,847.7912275
199,915.0252921
200,1627.113466
201,1435.90792
202,855.085848
203,1480.518761
204,975.6015883
205,978.391748
206,942.6499918
207,935.7728243
208,1251.728748
209,838.0617754
210,823.7802501
211,1358.273107
212,1255.907576
213,931.5302333
214,908.8783964
215,940.2015173
216,851.9967529
217,1486.015325
218,1012.380331
219,1318.511
220,933.7911982
221,940.3572235
222,1025.010001
223,867.5339347
224,897.8828703
225,896.0688399
226,949.0870179
227,1412.926154
228,1034.340365
229,1379.893007
230,983.9690059
231,1354.635348
232,1026.992736
233,835.8778479
234,1375.946856
235,892.177887
236,993.7743994
237,1468.418202
238,877.7055953
239,968.8393911
240,903.1868219
241,906.3117396
242,1475.538586
243,981.3432671
244,763.8790667
245,963.1004975
246,975.2084796
247,1503.695393
248,984.5073303
249,957.2673286
250,1669.901231
251,1278.015477
252,716.0831948
253,1126.696342
254,903.554911
255,832.9997589
256,836.5432945
257,776.1605596
258,974.4110778
259,821.5923003
260,735.8408937
261,1190.467641
262,990.8485036
263,774.5824351
264,792.3892443
265,842.9773508
266,719.0738044
267,1128.382473
268,934.4852917
269,1142.380368
270,778.8161308
271,706.5357029
272,937.597599
273,744.4400631
274,794.9601264
275,751.1519638
276,874.7269833
277,1227.037781
278,822.4828427
279,1291.409812
280,779.0023296
281,1144.240245
282,793.270437
283,744.606747
284,1229.221609
285,814.5935855
286,904.5502763
287,1243.594757
288,756.1204663
289,903.8125495
290,721.570262
291,773.4393261
292,1275.632224
293,794.4362091
294,693.2248734
295,801.3397474
296,792.6151325
297,1261.314013
298,837.0022468
299,884.7206326
300,1409.955147
301,1400.385023
302,755.7993386
303,1254.428733
304,890.7285809
305,837.4199907
306,849.1287547
307,796.6516119
308,1390.636121
309,844.5889175
310,754.9619808
311,880.8328009
312,1310.890849
313,789.3739213
314,821.654112
315,889.8770594
316,727.7919293
317,1159.183796
318,932.0754957
319,1386.722593
320,788.9621121
321,851.7888484
322,874.9369012
323,781.9869306
324,889.1407338
325,762.3860083
326,895.1291167
327,1037.50951
328,811.6300225
329,1600.909153
330,824.1377925
331,855.0966622
332,774.8688902
333,791.2015528
334,1437.257593
335,853.3542761
336,911.2317683
337,1708.46073
338,795.5207494
339,918.6014728
340,819.8710483
341,813.202468
342,1129.039111
343,758.2786578
344,821.8412885
345,817.6713417
346,783.7488413
347,1424.909837
348,885.2336486
349,926.0417322
350,1593.117472
351,1298.866614
352,738.3555655
353,1247.171428
354,900.0256643
355,734.4514003
356,817.5077196
357,740.4681303
358,1082.768253
359,858.9246455
360,698.9126436
361,1171.268709
362,1019.467299
363,764.1275823
364,796.5753125
365,758.8729478
366,729.4722535
367,1370.253503
368,912.0400671
369,1209.90147
370,735.2111381
371,714.347513
372,962.6316331
373,721.7584925
374,810.9057435
375,736.9647494
376,850.0894392
377,1203.479189
378,703.3882024
379,1278.718544
380,743.5292307
381,1148.963837
382,865.6664444
383,749.0353279
384,1215.588386
385,802.0778393
386,839.2769089
387,1242.43751
388,770.7679112
389,885.0525352
390,832.9744847
391,778.9314567
392,1273.398523
393,729.8355742
394,719.0511687
395,716.8505544
396,740.5772408
397,1404.647092
398,788.3352737
399,851.9575358
400,1621.355942
401,1366.975054
402,860.34112
403,1410.812319
404,934.6300971
405,904.1195393
406,955.6584871
407,871.754417
408,1217.992899
409,880.7987406
410,814.6133692
411,1329.439691
412,1236.715098
413,919.8567258
414,854.6343883
415,903.5026522
416,843.0192637
417,1462.110128
418,970.5947423
419,1294.47832
420,869.7311309
421,857.0248769
422,1103.632549
423,842.1483199
424,866.9945811
425,849.7740735
426,929.2946399
427,1337.754332
428,964.5447863
429,1336.97263
430,919.3199211
431,1303.779032
432,965.3773227
433,813.6178523
434,1366.321586
435,889.275084
436,936.9776023
437,1409.060461
438,836.8385989
439,938.1480322
440,892.5715917
441,869.4953744
442,1424.994515
443,902.8025177
444,746.4495024
445,865.5333118
446,915.4517882
447,1484.245932
448,934.096213
449,973.4883829
450,1669.512838
451,1525.286151
452,938.8629824
453,1624.505928
454,990.4177467
455,963.2516903
456,960.2012201
457,933.3127784
458,1241.578227
459,883.932629
460,899.4779941
461,1378.419667
462,1322.089641
463,1028.601894
464,1027.637523
465,1012.234963
466,926.4290335
467,1550.893433
468,1098.565527
469,1391.481318
470,999.4187477
471,969.8876526
472,1225.000467
473,948.7811842
474,903.3712134
475,1019.035591
476,925.329476
477,1506.460204
478,1096.482401
479,1479.599412
480,1127.467348
481,1367.485866
482,990.228385
483,844.5688587
484,1448.427584
485,894.6661908
486,983.4943634
487,1510.801467
488,896.0163087
489,985.0607943
490,834.0717305
491,960.1063947
492,1539.082409
493,1039.820236
494,805.4564677
495,973.0367878
496,1174.609255
497,1548.424789
498,945.5460493
499,1000.750272
500,1750.392793
501,1292.335747
502,777.5235734
503,1306.425989
504,909.1254294
505,832.8859894
506,831.4603699
507,821.4989721
508,1116.636688
509,843.1301295
510,737.3796405
511,1253.032538
512,1073.259704
513,827.9970848
514,802.5529735
515,827.5877345
516,751.9725092
517,1436.609827
518,962.6171075
519,1244.488128
520,802.5903114
521,762.5508099
522,1043.201887
523,769.0439634
524,840.3928109
525,795.2671064
526,867.6039697
527,1306.611224
528,789.9112866
529,1349.951475
530,794.9794849
531,1213.330277
532,864.799317
533,746.4182712
534,1304.221389
535,846.0822088
536,859.4722919
537,1296.687835
538,792.9235016
539,911.0043717
540,840.1992595
541,795.0594201
542,1379.033583
543,814.2624358
544,715.22573
545,753.4019058
546,835.0858325
547,1451.200655
548,841.7630125
549,916.55196
550,1549.255154
551,1445.659337
552,858.4209147
553,1509.750638
554,959.9673479
555,988.6378556
556,942.0255507
557,911.8402488
558,1254.179822
559,869.4218726
560,841.3059703
561,1395.697205
562,1302.71988
563,972.0466303
564,929.4327015
565,953.6868991
566,887.4249396
567,1496.739682
568,1009.452953
569,1367.115154
570,955.2492104
571,954.1536894
572,1159.262232
573,906.2517454
574,858.8174932
575,918.4153483
576,932.4874482
577,1406.59585
578,1055.481605
579,1420.657999
580,1029.055771
581,1405.365034
582,1086.9491
583,840.4226916
584,1419.878686
585,910.5722069
586,1013.704582
587,1506.870335
588,868.5015246
589,967.9455713
590,883.5343336
591,958.7940615
592,1520.326226
593,1031.735605
594,743.0652982
595,972.3836538
596,1009.87216
597,1533.221546
598,978.6550097
599,953.9664362
600,1668.789835
601,1366.697056
602,797.4149458
603,1411.322274
604,930.572879
605,895.111017
606,909.4765526
607,850.8110386
608,1190.392484
609,886.7093918
610,790.8612039
611,1403.274903
612,1216.827142
613,894.4030455
614,853.1930954
615,896.8199703
616,835.1679771
617,1427.053371
618,955.1540165
619,1264.36496
620,846.1414978
621,851.5136708
622,1088.515168
623,828.7697213
624,857.9404849
625,824.3878299
626,920.1638293
627,1302.453423
628,944.0591052
629,1338.651817
630,911.3540602
631,1254.814987
632,944.9534888
633,813.0124031
634,1354.076911
635,873.4356484
636,925.3643707
637,1390.224793
638,836.4094221
639,933.4295969
640,884.0461607
641,863.6674169
642,1414.215936
643,897.3258709
644,750.3036303
645,846.8787359
646,899.1923567
647,1477.61508
648,919.7199854
649,934.1455268
650,1667.395149
651,1371.020214
652,726.6366767
653,1291.039135
654,945.4065105
655,934.7285512
656,872.304629
657,869.9297201
658,1151.068369
659,796.1975056
660,822.1660462
661,1303.530308
662,1218.463475
663,864.1011196
664,889.805053
665,898.4581559
666,816.0573133
667,1477.340974
668,1020.592415
669,1335.050677
670,878.9659211
671,855.0944585
672,1083.86479
673,818.1328904
674,864.8507933
675,831.8476339
676,909.5019622
677,1340.080182
678,859.1755477
679,1351.952318
680,902.3001693
681,1276.861471
682,935.3737977
683,800.0994952
684,1312.265624
685,829.6194055
686,960.0565753
687,1410.316422
688,842.4127747
689,945.9074371
690,791.8956417
691,875.2057073
692,1429.378879
693,898.1775462
694,750.0488249
695,913.4497918
696,938.6070189
697,1472.263163
698,886.6335918
699,955.963264
700,1654.874074
701,1501.02272
702,937.9257771
703,1586.640334
704,988.8046863
705,978.4656192
706,953.8382
707,961.2014865
708,1217.369516
709,895.6206474
710,886.0625757
711,1378.768481
712,1313.177184
713,1013.022148
714,979.4079
715,1022.468387
716,916.8711698
717,1485.353989
718,1088.121496
719,1331.084071
720,994.8846464
721,969.4472885
722,1046.82333
723,929.3844154
724,876.4441496
725,1004.890413
726,954.0931413
727,1483.614072
728,1081.972061
729,1485.930503
730,1111.681595
731,1377.454696
732,1012.256176
733,807.7182658
734,1449.503757
735,895.3056562
736,994.1838496
737,1519.231793
738,895.732254
739,982.814258
740,794.345429
741,955.8152583
742,1521.006129
743,1136.209935
744,776.0189362
745,981.0022293
746,1157.5808
747,1515.029327
748,988.3383582
749,1010.70692
750,1718.290656
751,1225.491511
752,688.3725117
753,1129.166376
754,897.3765905
755,786.1304411
756,777.4342116
757,742.2497187
758,1059.198895
759,813.45545
760,713.1242054
761,1196.729095
762,984.232594
763,719.3722497
764,746.9730741
765,787.8415999
766,664.2232557
767,1302.078854
768,911.3866855
769,1147.89068
770,732.5413636
771,717.0807735
772,941.6061626
773,694.258683
774,761.2280415
775,729.268084
776,848.3032698
777,1182.47234
778,752.418837
779,1288.596264
780,689.3266638
781,1141.692534
782,798.6560575
783,703.3008883
784,1174.600562
785,805.9129149
786,876.478459
787,1199.936256
788,708.2237279
789,868.1230207
790,750.2632436
791,741.2983281
792,1221.860738
793,734.0518252
794,677.5123582
795,734.2144816
796,738.1577266
797,1359.948275
798,768.2668365
799,849.965854
800,1458.185405
801,1354.920832
802,794.2455249
803,1284.078264
804,934.1229922
805,905.0282326
806,863.7947928
807,854.1966772
808,989.4107559
809,805.2393189
810,786.8164902
811,1264.464802
812,1138.689596
813,856.4252085
814,853.8706021
815,872.9389065
816,791.058907
817,1217.828624
818,985.4331883
819,1195.205498
820,860.9450663
821,802.7442853
822,977.044756
823,794.4433426
824,820.4493783
825,809.2081846
826,892.9820285
827,1342.203398
828,899.0150038
829,1312.799751
830,915.886025
831,1230.939692
832,888.1138398
833,768.5516159
834,1289.061585
835,841.7123879
836,953.5974857
837,1365.037407
838,808.7984306
839,933.1800289
840,736.5070349
841,813.5090742
842,1400.886899
843,854.8696656
844,696.1686602
845,878.0198792
846,899.1831902
847,1338.843406
848,920.977386
849,940.1112413
850,1515.609269
851,1555.397269
852,928.6034563
853,1541.841637
854,1000.392009
855,988.8306684
856,952.5797152
857,968.5737697
858,1166.521343
859,920.6848375
860,953.5956474
861,1432.908367
862,1282.019653
863,1013.895889
864,1113.101326
865,933.2761485
866,917.7044093
867,1574.251605
868,1105.308029
869,1313.174797
870,980.076761
871,947.636119
872,1122.95029
873,1031.298071
874,958.2855494
875,1025.156682
876,957.512526
877,1480.005037
878,1124.408769
879,1462.009529
880,1078.210917
881,1427.945995
882,1121.61386
883,910.181586
884,1406.853625
885,882.910542
886,1047.283915
887,1556.758701
888,984.2683789
889,1006.200902
890,812.4585661
891,993.8345353
892,1570.074345
893,1037.565024
894,814.8030191
895,1010.970286
896,1190.111194
897,1567.872074
898,1039.375217
899,1011.124374
900,1690.029873
901,1404.386126
902,805.8835085
903,1401.113414
904,931.9481543
905,913.6332444
906,903.5814188
907,846.4242626
908,1133.686024
909,819.4912846
910,786.0197934
911,1420.132538
912,1213.00993
913,887.5412953
914,842.6048705
915,894.4321429
916,813.4396029
917,1421.665787
918,962.4912092
919,1274.000705
920,871.1081307
921,874.3983457
922,1075.24882
923,826.3050696
924,798.7856658
925,839.7757181
926,906.247492
927,1354.747704
928,978.9633309
929,1349.716691
930,916.9122607
931,1406.537357
932,944.030864
933,771.1705282
934,1344.051644
935,889.5259846
936,958.1224579
937,1406.440507
938,795.182029
939,939.637242
940,810.2329069
941,860.027388
942,1437.620382
943,906.6126639
944,704.4489363
945,888.6533908
946,917.9064237
947,1476.845582
948,918.5442752
949,935.2134699
950,1647.905612
951,1345.144636
952,820.0901874
953,1368.460142
954,938.4351436
955,910.2042145
956,888.2705923
957,877.5668322
958,1193.027925
959,840.3458303
960,825.6232363
961,1243.564984
962,1248.459629
963,901.2105638
964,888.7894899
965,862.6636095
966,811.4012419
967,1463.303903
968,1045.769357
969,1342.013027
970,870.9460566
971,853.6435987
972,1112.530042
973,816.4880879
974,856.1898825
975,861.5249983
976,880.0571133
977,1368.257595
978,989.885578
979,1365.976378
980,894.4406257
981,1248.455108
982,910.6658903
983,785.1882387
984,1348.225437
985,836.5865924
986,907.7283132
987,1377.516062
988,844.1411261
989,942.4398519
990,796.114372
991,869.0575527
992,1422.130371
993,927.986779
994,752.3062026
995,858.2147151
996,926.947922
997,1492.69492
998,896.041182
999,947.0685576
1000,1663.998278
